trading_date,usd_idr_rate,currency,rate_type,source,is_trading_day,retrieved_at
2021-09-01,14284,USD,JISDOR,Bank Indonesia,True,2026-09-04
2021-09-02,14281,USD,JISDOR,Bank Indonesia,True,2026-09-04
2021-09-03,14261,USD,JISDOR,Bank Indonesia,True,2026-09-04
2021-09-06,14239,USD,JISDOR,Bank Indonesia,True,2026-09-04
2021-09-07,14195,USD,JISDOR,Bank Indonesia,True,2026-09-04
2021-09-08,14266,USD,JISDOR,Bank Indonesia,True,2026-09-04
2021-09-09,14272,USD,JISDOR,Bank Indonesia,True,2026-09-04
2021-09-10,14225,USD,JISDOR,Bank Indonesia,True,2026-09-04
2021-09-13,14260,USD,JISDOR,Bank Indonesia,True,2026-09-04
2021-09-14,14257,USD,JISDOR,Bank Indonesia,True,2026-09-04
2021-09-15,14252,USD,JISDOR,Bank Indonesia,True,2026-09-04
2021-09-16,14238,USD,JISDOR,Bank Indonesia,True,2026-09-04
2021-09-17,14233,USD,JISDOR,Bank Indonesia,True,2026-09-04
2021-09-20,14251,USD,JISDOR,Bank Indonesia,True,2026-09-04
2021-09-21,14244,USD,JISDOR,Bank Indonesia,True,2026-09-04
2021-09-22,14249,USD,JISDOR,Bank Indonesia,True,2026-09-04
2021-09-23,14256,USD,JISDOR,Bank Indonesia,True,2026-09-04
2021-09-24,14250,USD,JISDOR,Bank Indonesia,True,2026-09-04
2021-09-27,14258,USD,JISDOR,Bank Indonesia,True,2026-09-04
2021-09-28,14269,USD,JISDOR,Bank Indonesia,True,2026-09-04
2021-09-29,14307,USD,JISDOR,Bank Indonesia,True,2026-09-04
2021-09-30,14321,USD,JISDOR,Bank Indonesia,True,2026-09-04
2021-10-01,14315,USD,JISDOR,Bank Indonesia,True,2026-09-04
2021-10-04,14276,USD,JISDOR,Bank Indonesia,True,2026-09-04
2021-10-05,14260,USD,JISDOR,Bank Indonesia,True,2026-09-04
2021-10-06,14245,USD,JISDOR,Bank Indonesia,True,2026-09-04
2021-10-07,14238,USD,JISDOR,Bank Indonesia,True,2026-09-04
2021-10-08,14225,USD,JISDOR,Bank Indonesia,True,2026-09-04
2021-10-11,14210,USD,JISDOR,Bank Indonesia,True,2026-09-04
2021-10-12,14217,USD,JISDOR,Bank Indonesia,True,2026-09-04
2021-10-13,14221,USD,JISDOR,Bank Indonesia,True,2026-09-04
2021-10-14,14155,USD,JISDOR,Bank Indonesia,True,2026-09-04
2021-10-15,14084,USD,JISDOR,Bank Indonesia,True,2026-09-04
2021-10-18,14096,USD,JISDOR,Bank Indonesia,True,2026-09-04
2021-10-19,14080,USD,JISDOR,Bank Indonesia,True,2026-09-04
2021-10-21,14133,USD,JISDOR,Bank Indonesia,True,2026-09-04
2021-10-22,14162,USD,JISDOR,Bank Indonesia,True,2026-09-04
2021-10-25,14183,USD,JISDOR,Bank Indonesia,True,2026-09-04
2021-10-26,14165,USD,JISDOR,Bank Indonesia,True,2026-09-04
2021-10-27,14184,USD,JISDOR,Bank Indonesia,True,2026-09-04
2021-10-28,14199,USD,JISDOR,Bank Indonesia,True,2026-09-04
2021-10-29,14171,USD,JISDOR,Bank Indonesia,True,2026-09-04
2021-11-01,14235,USD,JISDOR,Bank Indonesia,True,2026-09-04
2021-11-02,14261,USD,JISDOR,Bank Indonesia,True,2026-09-04
2021-11-03,14301,USD,JISDOR,Bank Indonesia,True,2026-09-04
2021-11-04,14327,USD,JISDOR,Bank Indonesia,True,2026-09-04
2021-11-05,14374,USD,JISDOR,Bank Indonesia,True,2026-09-04
2021-11-08,14268,USD,JISDOR,Bank Indonesia,True,2026-09-04
2021-11-09,14233,USD,JISDOR,Bank Indonesia,True,2026-09-04
2021-11-10,14253,USD,JISDOR,Bank Indonesia,True,2026-09-04
2021-11-11,14288,USD,JISDOR,Bank Indonesia,True,2026-09-04
2021-11-12,14243,USD,JISDOR,Bank Indonesia,True,2026-09-04
2021-11-15,14206,USD,JISDOR,Bank Indonesia,True,2026-09-04
2021-11-16,14211,USD,JISDOR,Bank Indonesia,True,2026-09-04
2021-11-17,14259,USD,JISDOR,Bank Indonesia,True,2026-09-04
2021-11-18,14231,USD,JISDOR,Bank Indonesia,True,2026-09-04
2021-11-19,14237,USD,JISDOR,Bank Indonesia,True,2026-09-04
2021-11-22,14255,USD,JISDOR,Bank Indonesia,True,2026-09-04
2021-11-23,14272,USD,JISDOR,Bank Indonesia,True,2026-09-04
2021-11-24,14272,USD,JISDOR,Bank Indonesia,True,2026-09-04
2021-11-25,14280,USD,JISDOR,Bank Indonesia,True,2026-09-04
2021-11-26,14280,USD,JISDOR,Bank Indonesia,True,2026-09-04
2021-11-29,14340,USD,JISDOR,Bank Indonesia,True,2026-09-04
2021-11-30,14320,USD,JISDOR,Bank Indonesia,True,2026-09-04
2021-12-01,14353,USD,JISDOR,Bank Indonesia,True,2026-09-04
2021-12-02,14378,USD,JISDOR,Bank Indonesia,True,2026-09-04
2021-12-03,14408,USD,JISDOR,Bank Indonesia,True,2026-09-04
2021-12-06,14441,USD,JISDOR,Bank Indonesia,True,2026-09-04
2021-12-07,14408,USD,JISDOR,Bank Indonesia,True,2026-09-04
2021-12-08,14348,USD,JISDOR,Bank Indonesia,True,2026-09-04
2021-12-09,14351,USD,JISDOR,Bank Indonesia,True,2026-09-04
2021-12-10,14378,USD,JISDOR,Bank Indonesia,True,2026-09-04
2021-12-13,14346,USD,JISDOR,Bank Indonesia,True,2026-09-04
2021-12-14,14348,USD,JISDOR,Bank Indonesia,True,2026-09-04
2021-12-15,14337,USD,JISDOR,Bank Indonesia,True,2026-09-04
2021-12-16,14343,USD,JISDOR,Bank Indonesia,True,2026-09-04
2021-12-17,14343,USD,JISDOR,Bank Indonesia,True,2026-09-04
2021-12-20,14384,USD,JISDOR,Bank Indonesia,True,2026-09-04
2021-12-21,14349,USD,JISDOR,Bank Indonesia,True,2026-09-04
2021-12-22,14264,USD,JISDOR,Bank Indonesia,True,2026-09-04
2021-12-23,14251,USD,JISDOR,Bank Indonesia,True,2026-09-04
2021-12-24,14219,USD,JISDOR,Bank Indonesia,True,2026-09-04
2021-12-27,14225,USD,JISDOR,Bank Indonesia,True,2026-09-04
2021-12-28,14237,USD,JISDOR,Bank Indonesia,True,2026-09-04
2021-12-29,14265,USD,JISDOR,Bank Indonesia,True,2026-09-04
2021-12-30,14269,USD,JISDOR,Bank Indonesia,True,2026-09-04
2021-12-31,14278,USD,JISDOR,Bank Indonesia,True,2026-09-04
2022-01-03,14270,USD,JISDOR,Bank Indonesia,True,2026-09-04
2022-01-04,14310,USD,JISDOR,Bank Indonesia,True,2026-09-04
2022-01-05,14365,USD,JISDOR,Bank Indonesia,True,2026-09-04
2022-01-06,14396,USD,JISDOR,Bank Indonesia,True,2026-09-04
2022-01-07,14360,USD,JISDOR,Bank Indonesia,True,2026-09-04
2022-01-10,14323,USD,JISDOR,Bank Indonesia,True,2026-09-04
2022-01-11,14299,USD,JISDOR,Bank Indonesia,True,2026-09-04
2022-01-12,14302,USD,JISDOR,Bank Indonesia,True,2026-09-04
2022-01-13,14311,USD,JISDOR,Bank Indonesia,True,2026-09-04
2022-01-14,14310,USD,JISDOR,Bank Indonesia,True,2026-09-04
2022-01-17,14323,USD,JISDOR,Bank Indonesia,True,2026-09-04
2022-01-18,14325,USD,JISDOR,Bank Indonesia,True,2026-09-04
2022-01-19,14370,USD,JISDOR,Bank Indonesia,True,2026-09-04
2022-01-20,14354,USD,JISDOR,Bank Indonesia,True,2026-09-04
2022-01-21,14347,USD,JISDOR,Bank Indonesia,True,2026-09-04
2022-01-24,14327,USD,JISDOR,Bank Indonesia,True,2026-09-04
2022-01-25,14358,USD,JISDOR,Bank Indonesia,True,2026-09-04
2022-01-26,14346,USD,JISDOR,Bank Indonesia,True,2026-09-04
2022-01-27,14385,USD,JISDOR,Bank Indonesia,True,2026-09-04
2022-01-28,14381,USD,JISDOR,Bank Indonesia,True,2026-09-04
2022-01-31,14392,USD,JISDOR,Bank Indonesia,True,2026-09-04
2022-02-02,14347,USD,JISDOR,Bank Indonesia,True,2026-09-04
2022-02-03,14381,USD,JISDOR,Bank Indonesia,True,2026-09-04
2022-02-04,14376,USD,JISDOR,Bank Indonesia,True,2026-09-04
2022-02-07,14404,USD,JISDOR,Bank Indonesia,True,2026-09-04
2022-02-08,14385,USD,JISDOR,Bank Indonesia,True,2026-09-04
2022-02-09,14366,USD,JISDOR,Bank Indonesia,True,2026-09-04
2022-02-10,14344,USD,JISDOR,Bank Indonesia,True,2026-09-04
2022-02-11,14359,USD,JISDOR,Bank Indonesia,True,2026-09-04
2022-02-14,14338,USD,JISDOR,Bank Indonesia,True,2026-09-04
2022-02-15,14292,USD,JISDOR,Bank Indonesia,True,2026-09-04
2022-02-16,14278,USD,JISDOR,Bank Indonesia,True,2026-09-04
2022-02-17,14301,USD,JISDOR,Bank Indonesia,True,2026-09-04
2022-02-18,14339,USD,JISDOR,Bank Indonesia,True,2026-09-04
2022-02-21,14329,USD,JISDOR,Bank Indonesia,True,2026-09-04
2022-02-22,14362,USD,JISDOR,Bank Indonesia,True,2026-09-04
2022-02-23,14355,USD,JISDOR,Bank Indonesia,True,2026-09-04
2022-02-24,14371,USD,JISDOR,Bank Indonesia,True,2026-09-04
2022-02-25,14369,USD,JISDOR,Bank Indonesia,True,2026-09-04
2022-03-01,14350,USD,JISDOR,Bank Indonesia,True,2026-09-04
2022-03-02,14373,USD,JISDOR,Bank Indonesia,True,2026-09-04
2022-03-04,14383,USD,JISDOR,Bank Indonesia,True,2026-09-04
2022-03-07,14411,USD,JISDOR,Bank Indonesia,True,2026-09-04
2022-03-08,14394,USD,JISDOR,Bank Indonesia,True,2026-09-04
2022-03-09,14371,USD,JISDOR,Bank Indonesia,True,2026-09-04
2022-03-10,14298,USD,JISDOR,Bank Indonesia,True,2026-09-04
2022-03-11,14306,USD,JISDOR,Bank Indonesia,True,2026-09-04
2022-03-14,14328,USD,JISDOR,Bank Indonesia,True,2026-09-04
2022-03-15,14321,USD,JISDOR,Bank Indonesia,True,2026-09-04
2022-03-16,14311,USD,JISDOR,Bank Indonesia,True,2026-09-04
2022-03-17,14290,USD,JISDOR,Bank Indonesia,True,2026-09-04
2022-03-18,14340,USD,JISDOR,Bank Indonesia,True,2026-09-04
2022-03-21,14341,USD,JISDOR,Bank Indonesia,True,2026-09-04
2022-03-22,14358,USD,JISDOR,Bank Indonesia,True,2026-09-04
2022-03-23,14351,USD,JISDOR,Bank Indonesia,True,2026-09-04
2022-03-24,14361,USD,JISDOR,Bank Indonesia,True,2026-09-04
2022-03-25,14341,USD,JISDOR,Bank Indonesia,True,2026-09-04
2022-03-28,14360,USD,JISDOR,Bank Indonesia,True,2026-09-04
2022-03-29,14364,USD,JISDOR,Bank Indonesia,True,2026-09-04
2022-03-30,14349,USD,JISDOR,Bank Indonesia,True,2026-09-04
2022-03-31,14357,USD,JISDOR,Bank Indonesia,True,2026-09-04
2022-04-01,14364,USD,JISDOR,Bank Indonesia,True,2026-09-04
2022-04-04,14362,USD,JISDOR,Bank Indonesia,True,2026-09-04
2022-04-05,14348,USD,JISDOR,Bank Indonesia,True,2026-09-04
2022-04-06,14364,USD,JISDOR,Bank Indonesia,True,2026-09-04
2022-04-07,14359,USD,JISDOR,Bank Indonesia,True,2026-09-04
2022-04-08,14365,USD,JISDOR,Bank Indonesia,True,2026-09-04
2022-04-11,14370,USD,JISDOR,Bank Indonesia,True,2026-09-04
2022-04-12,14364,USD,JISDOR,Bank Indonesia,True,2026-09-04
2022-04-13,14359,USD,JISDOR,Bank Indonesia,True,2026-09-04
2022-04-14,14349,USD,JISDOR,Bank Indonesia,True,2026-09-04
2022-04-18,14356,USD,JISDOR,Bank Indonesia,True,2026-09-04
2022-04-19,14347,USD,JISDOR,Bank Indonesia,True,2026-09-04
2022-04-20,14351,USD,JISDOR,Bank Indonesia,True,2026-09-04
2022-04-21,14348,USD,JISDOR,Bank Indonesia,True,2026-09-04
2022-04-22,14361,USD,JISDOR,Bank Indonesia,True,2026-09-04
2022-04-25,14452,USD,JISDOR,Bank Indonesia,True,2026-09-04
2022-04-26,14412,USD,JISDOR,Bank Indonesia,True,2026-09-04
2022-04-27,14418,USD,JISDOR,Bank Indonesia,True,2026-09-04
2022-04-28,14480,USD,JISDOR,Bank Indonesia,True,2026-09-04
2022-05-09,14534,USD,JISDOR,Bank Indonesia,True,2026-09-04
2022-05-10,14546,USD,JISDOR,Bank Indonesia,True,2026-09-04
2022-05-11,14546,USD,JISDOR,Bank Indonesia,True,2026-09-04
2022-05-12,14585,USD,JISDOR,Bank Indonesia,True,2026-09-04
2022-05-13,14619,USD,JISDOR,Bank Indonesia,True,2026-09-04
2022-05-17,14651,USD,JISDOR,Bank Indonesia,True,2026-09-04
2022-05-18,14682,USD,JISDOR,Bank Indonesia,True,2026-09-04
2022-05-19,14731,USD,JISDOR,Bank Indonesia,True,2026-09-04
2022-05-20,14661,USD,JISDOR,Bank Indonesia,True,2026-09-04
2022-05-23,14665,USD,JISDOR,Bank Indonesia,True,2026-09-04
2022-05-24,14653,USD,JISDOR,Bank Indonesia,True,2026-09-04
2022-05-25,14645,USD,JISDOR,Bank Indonesia,True,2026-09-04
2022-05-27,14578,USD,JISDOR,Bank Indonesia,True,2026-09-04
2022-05-30,14544,USD,JISDOR,Bank Indonesia,True,2026-09-04
2022-05-31,14592,USD,JISDOR,Bank Indonesia,True,2026-09-04
2022-06-02,14526,USD,JISDOR,Bank Indonesia,True,2026-09-04
2022-06-03,14431,USD,JISDOR,Bank Indonesia,True,2026-09-04
2022-06-06,14462,USD,JISDOR,Bank Indonesia,True,2026-09-04
2022-06-07,14464,USD,JISDOR,Bank Indonesia,True,2026-09-04
2022-06-08,14477,USD,JISDOR,Bank Indonesia,True,2026-09-04
2022-06-09,14555,USD,JISDOR,Bank Indonesia,True,2026-09-04
2022-06-10,14569,USD,JISDOR,Bank Indonesia,True,2026-09-04
2022-06-13,14672,USD,JISDOR,Bank Indonesia,True,2026-09-04
2022-06-14,14729,USD,JISDOR,Bank Indonesia,True,2026-09-04
2022-06-15,14746,USD,JISDOR,Bank Indonesia,True,2026-09-04
2022-06-16,14741,USD,JISDOR,Bank Indonesia,True,2026-09-04
2022-06-17,14828,USD,JISDOR,Bank Indonesia,True,2026-09-04
2022-06-20,14836,USD,JISDOR,Bank Indonesia,True,2026-09-04
2022-06-21,14804,USD,JISDOR,Bank Indonesia,True,2026-09-04
2022-06-22,14860,USD,JISDOR,Bank Indonesia,True,2026-09-04
2022-06-23,14835,USD,JISDOR,Bank Indonesia,True,2026-09-04
2022-06-24,14846,USD,JISDOR,Bank Indonesia,True,2026-09-04
2022-06-27,14802,USD,JISDOR,Bank Indonesia,True,2026-09-04
2022-06-28,14837,USD,JISDOR,Bank Indonesia,True,2026-09-04
2022-06-29,14848,USD,JISDOR,Bank Indonesia,True,2026-09-04
2022-06-30,14882,USD,JISDOR,Bank Indonesia,True,2026-09-04
2022-07-01,14956,USD,JISDOR,Bank Indonesia,True,2026-09-04
2022-07-04,14960,USD,JISDOR,Bank Indonesia,True,2026-09-04
2022-07-05,14990,USD,JISDOR,Bank Indonesia,True,2026-09-04
2022-07-06,15015,USD,JISDOR,Bank Indonesia,True,2026-09-04
2022-07-07,14986,USD,JISDOR,Bank Indonesia,True,2026-09-04
2022-07-08,14981,USD,JISDOR,Bank Indonesia,True,2026-09-04
2022-07-11,14969,USD,JISDOR,Bank Indonesia,True,2026-09-04
2022-07-12,14993,USD,JISDOR,Bank Indonesia,True,2026-09-04
2022-07-13,14985,USD,JISDOR,Bank Indonesia,True,2026-09-04
2022-07-14,14999,USD,JISDOR,Bank Indonesia,True,2026-09-04
2022-07-15,14999,USD,JISDOR,Bank Indonesia,True,2026-09-04
2022-07-18,14986,USD,JISDOR,Bank Indonesia,True,2026-09-04
2022-07-19,14992,USD,JISDOR,Bank Indonesia,True,2026-09-04
2022-07-20,14984,USD,JISDOR,Bank Indonesia,True,2026-09-04
2022-07-21,15017,USD,JISDOR,Bank Indonesia,True,2026-09-04
2022-07-22,15024,USD,JISDOR,Bank Indonesia,True,2026-09-04
2022-07-25,14992,USD,JISDOR,Bank Indonesia,True,2026-09-04
2022-07-26,14984,USD,JISDOR,Bank Indonesia,True,2026-09-04
2022-07-27,15020,USD,JISDOR,Bank Indonesia,True,2026-09-04
2022-07-28,14958,USD,JISDOR,Bank Indonesia,True,2026-09-04
2022-07-29,14860,USD,JISDOR,Bank Indonesia,True,2026-09-04
2022-08-01,14874,USD,JISDOR,Bank Indonesia,True,2026-09-04
2022-08-02,14888,USD,JISDOR,Bank Indonesia,True,2026-09-04
2022-08-03,14917,USD,JISDOR,Bank Indonesia,True,2026-09-04
2022-08-04,14929,USD,JISDOR,Bank Indonesia,True,2026-09-04
2022-08-05,14904,USD,JISDOR,Bank Indonesia,True,2026-09-04
2022-08-08,14915,USD,JISDOR,Bank Indonesia,True,2026-09-04
2022-08-09,14862,USD,JISDOR,Bank Indonesia,True,2026-09-04
2022-08-10,14875,USD,JISDOR,Bank Indonesia,True,2026-09-04
2022-08-11,14799,USD,JISDOR,Bank Indonesia,True,2026-09-04
2022-08-12,14688,USD,JISDOR,Bank Indonesia,True,2026-09-04
2022-08-15,14727,USD,JISDOR,Bank Indonesia,True,2026-09-04
2022-08-16,14767,USD,JISDOR,Bank Indonesia,True,2026-09-04
2022-08-18,14822,USD,JISDOR,Bank Indonesia,True,2026-09-04
2022-08-19,14858,USD,JISDOR,Bank Indonesia,True,2026-09-04
2022-08-22,14882,USD,JISDOR,Bank Indonesia,True,2026-09-04
2022-08-23,14893,USD,JISDOR,Bank Indonesia,True,2026-09-04
2022-08-24,14851,USD,JISDOR,Bank Indonesia,True,2026-09-04
2022-08-25,14827,USD,JISDOR,Bank Indonesia,True,2026-09-04
2022-08-26,14814,USD,JISDOR,Bank Indonesia,True,2026-09-04
2022-08-29,14887,USD,JISDOR,Bank Indonesia,True,2026-09-04
2022-08-30,14875,USD,JISDOR,Bank Indonesia,True,2026-09-04
2022-08-31,14853,USD,JISDOR,Bank Indonesia,True,2026-09-04
2022-09-01,14884,USD,JISDOR,Bank Indonesia,True,2026-09-04
2022-09-02,14900,USD,JISDOR,Bank Indonesia,True,2026-09-04
2022-09-05,14920,USD,JISDOR,Bank Indonesia,True,2026-09-04
2022-09-06,14885,USD,JISDOR,Bank Indonesia,True,2026-09-04
2022-09-07,14927,USD,JISDOR,Bank Indonesia,True,2026-09-04
2022-09-08,14905,USD,JISDOR,Bank Indonesia,True,2026-09-04
2022-09-09,14846,USD,JISDOR,Bank Indonesia,True,2026-09-04
2022-09-12,14839,USD,JISDOR,Bank Indonesia,True,2026-09-04
2022-09-13,14861,USD,JISDOR,Bank Indonesia,True,2026-09-04
2022-09-14,14923,USD,JISDOR,Bank Indonesia,True,2026-09-04
2022-09-15,14899,USD,JISDOR,Bank Indonesia,True,2026-09-04
2022-09-16,14939,USD,JISDOR,Bank Indonesia,True,2026-09-04
2022-09-19,14980,USD,JISDOR,Bank Indonesia,True,2026-09-04
2022-09-20,14975,USD,JISDOR,Bank Indonesia,True,2026-09-04
2022-09-21,15011,USD,JISDOR,Bank Indonesia,True,2026-09-04
2022-09-22,15033,USD,JISDOR,Bank Indonesia,True,2026-09-04
2022-09-23,15035,USD,JISDOR,Bank Indonesia,True,2026-09-04
2022-09-26,15119,USD,JISDOR,Bank Indonesia,True,2026-09-04
2022-09-27,15155,USD,JISDOR,Bank Indonesia,True,2026-09-04
2022-09-28,15243,USD,JISDOR,Bank Indonesia,True,2026-09-04
2022-09-29,15247,USD,JISDOR,Bank Indonesia,True,2026-09-04
2022-09-30,15232,USD,JISDOR,Bank Indonesia,True,2026-09-04
2022-10-03,15293,USD,JISDOR,Bank Indonesia,True,2026-09-04
2022-10-04,15276,USD,JISDOR,Bank Indonesia,True,2026-09-04
2022-10-05,15196,USD,JISDOR,Bank Indonesia,True,2026-09-04
2022-10-06,15197,USD,JISDOR,Bank Indonesia,True,2026-09-04
2022-10-07,15246,USD,JISDOR,Bank Indonesia,True,2026-09-04
2022-10-10,15299,USD,JISDOR,Bank Indonesia,True,2026-09-04
2022-10-11,15362,USD,JISDOR,Bank Indonesia,True,2026-09-04
2022-10-12,15373,USD,JISDOR,Bank Indonesia,True,2026-09-04
2022-10-13,15357,USD,JISDOR,Bank Indonesia,True,2026-09-04
2022-10-14,15390,USD,JISDOR,Bank Indonesia,True,2026-09-04
2022-10-17,15480,USD,JISDOR,Bank Indonesia,True,2026-09-04
2022-10-18,15469,USD,JISDOR,Bank Indonesia,True,2026-09-04
2022-10-19,15491,USD,JISDOR,Bank Indonesia,True,2026-09-04
2022-10-20,15579,USD,JISDOR,Bank Indonesia,True,2026-09-04
2022-10-21,15610,USD,JISDOR,Bank Indonesia,True,2026-09-04
2022-10-24,15590,USD,JISDOR,Bank Indonesia,True,2026-09-04
2022-10-25,15616,USD,JISDOR,Bank Indonesia,True,2026-09-04
2022-10-26,15596,USD,JISDOR,Bank Indonesia,True,2026-09-04
2022-10-27,15573,USD,JISDOR,Bank Indonesia,True,2026-09-04
2022-10-28,15542,USD,JISDOR,Bank Indonesia,True,2026-09-04
2022-10-31,15596,USD,JISDOR,Bank Indonesia,True,2026-09-04
2022-11-01,15647,USD,JISDOR,Bank Indonesia,True,2026-09-04
2022-11-02,15652,USD,JISDOR,Bank Indonesia,True,2026-09-04
2022-11-03,15681,USD,JISDOR,Bank Indonesia,True,2026-09-04
2022-11-04,15736,USD,JISDOR,Bank Indonesia,True,2026-09-04
2022-11-07,15692,USD,JISDOR,Bank Indonesia,True,2026-09-04
2022-11-08,15684,USD,JISDOR,Bank Indonesia,True,2026-09-04
2022-11-09,15654,USD,JISDOR,Bank Indonesia,True,2026-09-04
2022-11-10,15701,USD,JISDOR,Bank Indonesia,True,2026-09-04
2022-11-11,15493,USD,JISDOR,Bank Indonesia,True,2026-09-04
2022-11-14,15499,USD,JISDOR,Bank Indonesia,True,2026-09-04
2022-11-15,15564,USD,JISDOR,Bank Indonesia,True,2026-09-04
2022-11-16,15610,USD,JISDOR,Bank Indonesia,True,2026-09-04
2022-11-17,15687,USD,JISDOR,Bank Indonesia,True,2026-09-04
2022-11-18,15692,USD,JISDOR,Bank Indonesia,True,2026-09-04
2022-11-21,15707,USD,JISDOR,Bank Indonesia,True,2026-09-04
2022-11-22,15716,USD,JISDOR,Bank Indonesia,True,2026-09-04
2022-11-23,15700,USD,JISDOR,Bank Indonesia,True,2026-09-04
2022-11-24,15647,USD,JISDOR,Bank Indonesia,True,2026-09-04
2022-11-25,15668,USD,JISDOR,Bank Indonesia,True,2026-09-04
2022-11-28,15729,USD,JISDOR,Bank Indonesia,True,2026-09-04
2022-11-29,15737,USD,JISDOR,Bank Indonesia,True,2026-09-04
2022-11-30,15742,USD,JISDOR,Bank Indonesia,True,2026-09-04
2022-12-01,15617,USD,JISDOR,Bank Indonesia,True,2026-09-04
2022-12-02,15429,USD,JISDOR,Bank Indonesia,True,2026-09-04
2022-12-05,15409,USD,JISDOR,Bank Indonesia,True,2026-09-04
2022-12-06,15576,USD,JISDOR,Bank Indonesia,True,2026-09-04
2022-12-07,15619,USD,JISDOR,Bank Indonesia,True,2026-09-04
2022-12-08,15624,USD,JISDOR,Bank Indonesia,True,2026-09-04
2022-12-09,15587,USD,JISDOR,Bank Indonesia,True,2026-09-04
2022-12-12,15642,USD,JISDOR,Bank Indonesia,True,2026-09-04
2022-12-13,15661,USD,JISDOR,Bank Indonesia,True,2026-09-04
2022-12-14,15619,USD,JISDOR,Bank Indonesia,True,2026-09-04
2022-12-15,15630,USD,JISDOR,Bank Indonesia,True,2026-09-04
2022-12-16,15617,USD,JISDOR,Bank Indonesia,True,2026-09-04
2022-12-19,15621,USD,JISDOR,Bank Indonesia,True,2026-09-04
2022-12-20,15608,USD,JISDOR,Bank Indonesia,True,2026-09-04
2022-12-21,15601,USD,JISDOR,Bank Indonesia,True,2026-09-04
2022-12-22,15594,USD,JISDOR,Bank Indonesia,True,2026-09-04
2022-12-23,15605,USD,JISDOR,Bank Indonesia,True,2026-09-04
2022-12-26,15636,USD,JISDOR,Bank Indonesia,True,2026-09-04
2022-12-27,15659,USD,JISDOR,Bank Indonesia,True,2026-09-04
2022-12-28,15703,USD,JISDOR,Bank Indonesia,True,2026-09-04
2022-12-29,15731,USD,JISDOR,Bank Indonesia,True,2026-09-04
2022-12-30,15592,USD,JISDOR,Bank Indonesia,True,2026-09-04
2023-01-02,15572,USD,JISDOR,Bank Indonesia,True,2026-09-04
2023-01-03,15590,USD,JISDOR,Bank Indonesia,True,2026-09-04
2023-01-04,15615,USD,JISDOR,Bank Indonesia,True,2026-09-04
2023-01-05,15610,USD,JISDOR,Bank Indonesia,True,2026-09-04
2023-01-06,15635,USD,JISDOR,Bank Indonesia,True,2026-09-04
2023-01-09,15574,USD,JISDOR,Bank Indonesia,True,2026-09-04
2023-01-10,15589,USD,JISDOR,Bank Indonesia,True,2026-09-04
2023-01-11,15527,USD,JISDOR,Bank Indonesia,True,2026-09-04
2023-01-12,15366,USD,JISDOR,Bank Indonesia,True,2026-09-04
2023-01-13,15177,USD,JISDOR,Bank Indonesia,True,2026-09-04
2023-01-16,15019,USD,JISDOR,Bank Indonesia,True,2026-09-04
2023-01-17,15154,USD,JISDOR,Bank Indonesia,True,2026-09-04
2023-01-18,15137,USD,JISDOR,Bank Indonesia,True,2026-09-04
2023-01-19,15113,USD,JISDOR,Bank Indonesia,True,2026-09-04
2023-01-20,15121,USD,JISDOR,Bank Indonesia,True,2026-09-04
2023-01-24,14930,USD,JISDOR,Bank Indonesia,True,2026-09-04
2023-01-25,14958,USD,JISDOR,Bank Indonesia,True,2026-09-04
2023-01-26,14964,USD,JISDOR,Bank Indonesia,True,2026-09-04
2023-01-27,14978,USD,JISDOR,Bank Indonesia,True,2026-09-04
2023-01-30,14979,USD,JISDOR,Bank Indonesia,True,2026-09-04
2023-01-31,14992,USD,JISDOR,Bank Indonesia,True,2026-09-04
2023-02-01,14991,USD,JISDOR,Bank Indonesia,True,2026-09-04
2023-02-02,14868,USD,JISDOR,Bank Indonesia,True,2026-09-04
2023-02-03,14898,USD,JISDOR,Bank Indonesia,True,2026-09-04
2023-02-06,15055,USD,JISDOR,Bank Indonesia,True,2026-09-04
2023-02-07,15139,USD,JISDOR,Bank Indonesia,True,2026-09-04
2023-02-08,15122,USD,JISDOR,Bank Indonesia,True,2026-09-04
2023-02-09,15120,USD,JISDOR,Bank Indonesia,True,2026-09-04
2023-02-10,15140,USD,JISDOR,Bank Indonesia,True,2026-09-04
2023-02-13,15216,USD,JISDOR,Bank Indonesia,True,2026-09-04
2023-02-14,15168,USD,JISDOR,Bank Indonesia,True,2026-09-04
2023-02-15,15194,USD,JISDOR,Bank Indonesia,True,2026-09-04
2023-02-16,15176,USD,JISDOR,Bank Indonesia,True,2026-09-04
2023-02-17,15199,USD,JISDOR,Bank Indonesia,True,2026-09-04
2023-02-20,15168,USD,JISDOR,Bank Indonesia,True,2026-09-04
2023-02-21,15179,USD,JISDOR,Bank Indonesia,True,2026-09-04
2023-02-22,15218,USD,JISDOR,Bank Indonesia,True,2026-09-04
2023-02-23,15187,USD,JISDOR,Bank Indonesia,True,2026-09-04
2023-02-24,15216,USD,JISDOR,Bank Indonesia,True,2026-09-04
2023-02-27,15274,USD,JISDOR,Bank Indonesia,True,2026-09-04
2023-02-28,15240,USD,JISDOR,Bank Indonesia,True,2026-09-04
2023-03-01,15250,USD,JISDOR,Bank Indonesia,True,2026-09-04
2023-03-02,15273,USD,JISDOR,Bank Indonesia,True,2026-09-04
2023-03-03,15306,USD,JISDOR,Bank Indonesia,True,2026-09-04
2023-03-06,15301,USD,JISDOR,Bank Indonesia,True,2026-09-04
2023-03-07,15359,USD,JISDOR,Bank Indonesia,True,2026-09-04
2023-03-08,15451,USD,JISDOR,Bank Indonesia,True,2026-09-04
2023-03-09,15438,USD,JISDOR,Bank Indonesia,True,2026-09-04
2023-03-10,15468,USD,JISDOR,Bank Indonesia,True,2026-09-04
2023-03-13,15374,USD,JISDOR,Bank Indonesia,True,2026-09-04
2023-03-14,15380,USD,JISDOR,Bank Indonesia,True,2026-09-04
2023-03-15,15365,USD,JISDOR,Bank Indonesia,True,2026-09-04
2023-03-16,15418,USD,JISDOR,Bank Indonesia,True,2026-09-04
2023-03-17,15364,USD,JISDOR,Bank Indonesia,True,2026-09-04
2023-03-20,15372,USD,JISDOR,Bank Indonesia,True,2026-09-04
2023-03-21,15349,USD,JISDOR,Bank Indonesia,True,2026-09-04
2023-03-24,15189,USD,JISDOR,Bank Indonesia,True,2026-09-04
2023-03-27,15174,USD,JISDOR,Bank Indonesia,True,2026-09-04
2023-03-28,15088,USD,JISDOR,Bank Indonesia,True,2026-09-04
2023-03-29,15094,USD,JISDOR,Bank Indonesia,True,2026-09-04
2023-03-30,15062,USD,JISDOR,Bank Indonesia,True,2026-09-04
2023-03-31,14977,USD,JISDOR,Bank Indonesia,True,2026-09-04
2023-04-03,14990,USD,JISDOR,Bank Indonesia,True,2026-09-04
2023-04-04,14913,USD,JISDOR,Bank Indonesia,True,2026-09-04
2023-04-05,14933,USD,JISDOR,Bank Indonesia,True,2026-09-04
2023-04-06,14943,USD,JISDOR,Bank Indonesia,True,2026-09-04
2023-04-10,14905,USD,JISDOR,Bank Indonesia,True,2026-09-04
2023-04-11,14888,USD,JISDOR,Bank Indonesia,True,2026-09-04
2023-04-12,14866,USD,JISDOR,Bank Indonesia,True,2026-09-04
2023-04-13,14792,USD,JISDOR,Bank Indonesia,True,2026-09-04
2023-04-14,14666,USD,JISDOR,Bank Indonesia,True,2026-09-04
2023-04-17,14773,USD,JISDOR,Bank Indonesia,True,2026-09-04
2023-04-18,14855,USD,JISDOR,Bank Indonesia,True,2026-09-04
2023-04-26,14882,USD,JISDOR,Bank Indonesia,True,2026-09-04
2023-04-27,14751,USD,JISDOR,Bank Indonesia,True,2026-09-04
2023-04-28,14661,USD,JISDOR,Bank Indonesia,True,2026-09-04
2023-05-02,14703,USD,JISDOR,Bank Indonesia,True,2026-09-04
2023-05-03,14706,USD,JISDOR,Bank Indonesia,True,2026-09-04
2023-05-04,14632,USD,JISDOR,Bank Indonesia,True,2026-09-04
2023-05-05,14674,USD,JISDOR,Bank Indonesia,True,2026-09-04
2023-05-08,14709,USD,JISDOR,Bank Indonesia,True,2026-09-04
2023-05-09,14757,USD,JISDOR,Bank Indonesia,True,2026-09-04
2023-05-10,14746,USD,JISDOR,Bank Indonesia,True,2026-09-04
2023-05-11,14722,USD,JISDOR,Bank Indonesia,True,2026-09-04
2023-05-12,14752,USD,JISDOR,Bank Indonesia,True,2026-09-04
2023-05-15,14812,USD,JISDOR,Bank Indonesia,True,2026-09-04
2023-05-16,14810,USD,JISDOR,Bank Indonesia,True,2026-09-04
2023-05-17,14875,USD,JISDOR,Bank Indonesia,True,2026-09-04
2023-05-19,14936,USD,JISDOR,Bank Indonesia,True,2026-09-04
2023-05-22,14897,USD,JISDOR,Bank Indonesia,True,2026-09-04
2023-05-23,14878,USD,JISDOR,Bank Indonesia,True,2026-09-04
2023-05-24,14905,USD,JISDOR,Bank Indonesia,True,2026-09-04
2023-05-25,14952,USD,JISDOR,Bank Indonesia,True,2026-09-04
2023-05-26,14959,USD,JISDOR,Bank Indonesia,True,2026-09-04
2023-05-29,14973,USD,JISDOR,Bank Indonesia,True,2026-09-04
2023-05-30,14969,USD,JISDOR,Bank Indonesia,True,2026-09-04
2023-05-31,15003,USD,JISDOR,Bank Indonesia,True,2026-09-04
2023-06-05,14888,USD,JISDOR,Bank Indonesia,True,2026-09-04
2023-06-06,14839,USD,JISDOR,Bank Indonesia,True,2026-09-04
2023-06-07,14875,USD,JISDOR,Bank Indonesia,True,2026-09-04
2023-06-08,14903,USD,JISDOR,Bank Indonesia,True,2026-09-04
2023-06-09,14853,USD,JISDOR,Bank Indonesia,True,2026-09-04
2023-06-12,14874,USD,JISDOR,Bank Indonesia,True,2026-09-04
2023-06-13,14868,USD,JISDOR,Bank Indonesia,True,2026-09-04
2023-06-14,14895,USD,JISDOR,Bank Indonesia,True,2026-09-04
2023-06-15,14943,USD,JISDOR,Bank Indonesia,True,2026-09-04
2023-06-16,14945,USD,JISDOR,Bank Indonesia,True,2026-09-04
2023-06-19,14994,USD,JISDOR,Bank Indonesia,True,2026-09-04
2023-06-20,15040,USD,JISDOR,Bank Indonesia,True,2026-09-04
2023-06-21,14982,USD,JISDOR,Bank Indonesia,True,2026-09-04
2023-06-22,14918,USD,JISDOR,Bank Indonesia,True,2026-09-04
2023-06-23,14998,USD,JISDOR,Bank Indonesia,True,2026-09-04
2023-06-26,15026,USD,JISDOR,Bank Indonesia,True,2026-09-04
2023-06-27,15000,USD,JISDOR,Bank Indonesia,True,2026-09-04
2023-07-03,15034,USD,JISDOR,Bank Indonesia,True,2026-09-04
2023-07-04,15018,USD,JISDOR,Bank Indonesia,True,2026-09-04
2023-07-05,15013,USD,JISDOR,Bank Indonesia,True,2026-09-04
2023-07-06,15062,USD,JISDOR,Bank Indonesia,True,2026-09-04
2023-07-07,15136,USD,JISDOR,Bank Indonesia,True,2026-09-04
2023-07-10,15192,USD,JISDOR,Bank Indonesia,True,2026-09-04
2023-07-11,15162,USD,JISDOR,Bank Indonesia,True,2026-09-04
2023-07-12,15084,USD,JISDOR,Bank Indonesia,True,2026-09-04
2023-07-13,14978,USD,JISDOR,Bank Indonesia,True,2026-09-04
2023-07-14,14945,USD,JISDOR,Bank Indonesia,True,2026-09-04
2023-07-17,15007,USD,JISDOR,Bank Indonesia,True,2026-09-04
2023-07-18,14994,USD,JISDOR,Bank Indonesia,True,2026-09-04
2023-07-20,14991,USD,JISDOR,Bank Indonesia,True,2026-09-04
2023-07-21,15026,USD,JISDOR,Bank Indonesia,True,2026-09-04
2023-07-24,15028,USD,JISDOR,Bank Indonesia,True,2026-09-04
2023-07-25,15007,USD,JISDOR,Bank Indonesia,True,2026-09-04
2023-07-26,15032,USD,JISDOR,Bank Indonesia,True,2026-09-04
2023-07-27,15003,USD,JISDOR,Bank Indonesia,True,2026-09-04
2023-07-28,15083,USD,JISDOR,Bank Indonesia,True,2026-09-04
2023-07-31,15092,USD,JISDOR,Bank Indonesia,True,2026-09-04
2023-08-01,15117,USD,JISDOR,Bank Indonesia,True,2026-09-04
2023-08-02,15171,USD,JISDOR,Bank Indonesia,True,2026-09-04
2023-08-03,15198,USD,JISDOR,Bank Indonesia,True,2026-09-04
2023-08-04,15168,USD,JISDOR,Bank Indonesia,True,2026-09-04
2023-08-07,15178,USD,JISDOR,Bank Indonesia,True,2026-09-04
2023-08-08,15229,USD,JISDOR,Bank Indonesia,True,2026-09-04
2023-08-09,15206,USD,JISDOR,Bank Indonesia,True,2026-09-04
2023-08-10,15204,USD,JISDOR,Bank Indonesia,True,2026-09-04
2023-08-11,15225,USD,JISDOR,Bank Indonesia,True,2026-09-04
2023-08-14,15323,USD,JISDOR,Bank Indonesia,True,2026-09-04
2023-08-15,15346,USD,JISDOR,Bank Indonesia,True,2026-09-04
2023-08-16,15308,USD,JISDOR,Bank Indonesia,True,2026-09-04
2023-08-18,15308,USD,JISDOR,Bank Indonesia,True,2026-09-04
2023-08-21,15329,USD,JISDOR,Bank Indonesia,True,2026-09-04
2023-08-22,15326,USD,JISDOR,Bank Indonesia,True,2026-09-04
2023-08-23,15319,USD,JISDOR,Bank Indonesia,True,2026-09-04
2023-08-24,15253,USD,JISDOR,Bank Indonesia,True,2026-09-04
2023-08-25,15297,USD,JISDOR,Bank Indonesia,True,2026-09-04
2023-08-28,15294,USD,JISDOR,Bank Indonesia,True,2026-09-04
2023-08-29,15263,USD,JISDOR,Bank Indonesia,True,2026-09-04
2023-08-30,15239,USD,JISDOR,Bank Indonesia,True,2026-09-04
2023-08-31,15237,USD,JISDOR,Bank Indonesia,True,2026-09-04
2023-09-01,15252,USD,JISDOR,Bank Indonesia,True,2026-09-04
2023-09-04,15247,USD,JISDOR,Bank Indonesia,True,2026-09-04
2023-09-05,15260,USD,JISDOR,Bank Indonesia,True,2026-09-04
2023-09-06,15307,USD,JISDOR,Bank Indonesia,True,2026-09-04
2023-09-07,15334,USD,JISDOR,Bank Indonesia,True,2026-09-04
2023-09-08,15341,USD,JISDOR,Bank Indonesia,True,2026-09-04
2023-09-11,15352,USD,JISDOR,Bank Indonesia,True,2026-09-04
2023-09-12,15344,USD,JISDOR,Bank Indonesia,True,2026-09-04
2023-09-13,15367,USD,JISDOR,Bank Indonesia,True,2026-09-04
2023-09-14,15357,USD,JISDOR,Bank Indonesia,True,2026-09-04
2023-09-15,15367,USD,JISDOR,Bank Indonesia,True,2026-09-04
2023-09-18,15373,USD,JISDOR,Bank Indonesia,True,2026-09-04
2023-09-19,15381,USD,JISDOR,Bank Indonesia,True,2026-09-04
2023-09-20,15396,USD,JISDOR,Bank Indonesia,True,2026-09-04
2023-09-21,15397,USD,JISDOR,Bank Indonesia,True,2026-09-04
2023-09-22,15383,USD,JISDOR,Bank Indonesia,True,2026-09-04
2023-09-25,15399,USD,JISDOR,Bank Indonesia,True,2026-09-04
2023-09-26,15464,USD,JISDOR,Bank Indonesia,True,2026-09-04
2023-09-27,15526,USD,JISDOR,Bank Indonesia,True,2026-09-04
2023-09-29,15487,USD,JISDOR,Bank Indonesia,True,2026-09-04
2023-10-02,15519,USD,JISDOR,Bank Indonesia,True,2026-09-04
2023-10-03,15600,USD,JISDOR,Bank Indonesia,True,2026-09-04
2023-10-04,15636,USD,JISDOR,Bank Indonesia,True,2026-09-04
2023-10-05,15601,USD,JISDOR,Bank Indonesia,True,2026-09-04
2023-10-06,15628,USD,JISDOR,Bank Indonesia,True,2026-09-04
2023-10-09,15675,USD,JISDOR,Bank Indonesia,True,2026-09-04
2023-10-10,15708,USD,JISDOR,Bank Indonesia,True,2026-09-04
2023-10-11,15710,USD,JISDOR,Bank Indonesia,True,2026-09-04
2023-10-12,15702,USD,JISDOR,Bank Indonesia,True,2026-09-04
2023-10-13,15709,USD,JISDOR,Bank Indonesia,True,2026-09-04
2023-10-16,15716,USD,JISDOR,Bank Indonesia,True,2026-09-04
2023-10-17,15718,USD,JISDOR,Bank Indonesia,True,2026-09-04
2023-10-18,15731,USD,JISDOR,Bank Indonesia,True,2026-09-04
2023-10-19,15838,USD,JISDOR,Bank Indonesia,True,2026-09-04
2023-10-20,15856,USD,JISDOR,Bank Indonesia,True,2026-09-04
2023-10-23,15943,USD,JISDOR,Bank Indonesia,True,2026-09-04
2023-10-24,15869,USD,JISDOR,Bank Indonesia,True,2026-09-04
2023-10-25,15871,USD,JISDOR,Bank Indonesia,True,2026-09-04
2023-10-26,15933,USD,JISDOR,Bank Indonesia,True,2026-09-04
2023-10-27,15941,USD,JISDOR,Bank Indonesia,True,2026-09-04
2023-10-30,15916,USD,JISDOR,Bank Indonesia,True,2026-09-04
2023-10-31,15897,USD,JISDOR,Bank Indonesia,True,2026-09-04
2023-11-01,15946,USD,JISDOR,Bank Indonesia,True,2026-09-04
2023-11-02,15861,USD,JISDOR,Bank Indonesia,True,2026-09-04
2023-11-03,15771,USD,JISDOR,Bank Indonesia,True,2026-09-04
2023-11-06,15550,USD,JISDOR,Bank Indonesia,True,2026-09-04
2023-11-07,15593,USD,JISDOR,Bank Indonesia,True,2026-09-04
2023-11-08,15629,USD,JISDOR,Bank Indonesia,True,2026-09-04
2023-11-09,15649,USD,JISDOR,Bank Indonesia,True,2026-09-04
2023-11-10,15693,USD,JISDOR,Bank Indonesia,True,2026-09-04
2023-11-13,15713,USD,JISDOR,Bank Indonesia,True,2026-09-04
2023-11-14,15699,USD,JISDOR,Bank Indonesia,True,2026-09-04
2023-11-15,15503,USD,JISDOR,Bank Indonesia,True,2026-09-04
2023-11-16,15595,USD,JISDOR,Bank Indonesia,True,2026-09-04
2023-11-17,15504,USD,JISDOR,Bank Indonesia,True,2026-09-04
2023-11-20,15419,USD,JISDOR,Bank Indonesia,True,2026-09-04
2023-11-21,15436,USD,JISDOR,Bank Indonesia,True,2026-09-04
2023-11-22,15584,USD,JISDOR,Bank Indonesia,True,2026-09-04
2023-11-23,15593,USD,JISDOR,Bank Indonesia,True,2026-09-04
2023-11-24,15587,USD,JISDOR,Bank Indonesia,True,2026-09-04
2023-11-27,15527,USD,JISDOR,Bank Indonesia,True,2026-09-04
2023-11-28,15450,USD,JISDOR,Bank Indonesia,True,2026-09-04
2023-11-29,15384,USD,JISDOR,Bank Indonesia,True,2026-09-04
2023-11-30,15484,USD,JISDOR,Bank Indonesia,True,2026-09-04
2023-12-01,15524,USD,JISDOR,Bank Indonesia,True,2026-09-04
2023-12-04,15446,USD,JISDOR,Bank Indonesia,True,2026-09-04
2023-12-05,15504,USD,JISDOR,Bank Indonesia,True,2026-09-04
2023-12-06,15504,USD,JISDOR,Bank Indonesia,True,2026-09-04
2023-12-07,15536,USD,JISDOR,Bank Indonesia,True,2026-09-04
2023-12-08,15500,USD,JISDOR,Bank Indonesia,True,2026-09-04
2023-12-11,15614,USD,JISDOR,Bank Indonesia,True,2026-09-04
2023-12-12,15631,USD,JISDOR,Bank Indonesia,True,2026-09-04
2023-12-13,15629,USD,JISDOR,Bank Indonesia,True,2026-09-04
2023-12-14,15493,USD,JISDOR,Bank Indonesia,True,2026-09-04
2023-12-15,15503,USD,JISDOR,Bank Indonesia,True,2026-09-04
2023-12-18,15516,USD,JISDOR,Bank Indonesia,True,2026-09-04
2023-12-19,15506,USD,JISDOR,Bank Indonesia,True,2026-09-04
2023-12-20,15512,USD,JISDOR,Bank Indonesia,True,2026-09-04
2023-12-21,15533,USD,JISDOR,Bank Indonesia,True,2026-09-04
2023-12-22,15489,USD,JISDOR,Bank Indonesia,True,2026-09-04
2023-12-27,15414,USD,JISDOR,Bank Indonesia,True,2026-09-04
2023-12-28,15416,USD,JISDOR,Bank Indonesia,True,2026-09-04
2023-12-29,15439,USD,JISDOR,Bank Indonesia,True,2026-09-04
2024-01-02,15473,USD,JISDOR,Bank Indonesia,True,2026-09-04
2024-01-03,15495,USD,JISDOR,Bank Indonesia,True,2026-09-04
2024-01-04,15525,USD,JISDOR,Bank Indonesia,True,2026-09-04
2024-01-05,15518,USD,JISDOR,Bank Indonesia,True,2026-09-04
2024-01-08,15522,USD,JISDOR,Bank Indonesia,True,2026-09-04
2024-01-09,15518,USD,JISDOR,Bank Indonesia,True,2026-09-04
2024-01-10,15568,USD,JISDOR,Bank Indonesia,True,2026-09-04
2024-01-11,15558,USD,JISDOR,Bank Indonesia,True,2026-09-04
2024-01-12,15559,USD,JISDOR,Bank Indonesia,True,2026-09-04
2024-01-15,15555,USD,JISDOR,Bank Indonesia,True,2026-09-04
2024-01-16,15592,USD,JISDOR,Bank Indonesia,True,2026-09-04
2024-01-17,15639,USD,JISDOR,Bank Indonesia,True,2026-09-04
2024-01-18,15630,USD,JISDOR,Bank Indonesia,True,2026-09-04
2024-01-19,15628,USD,JISDOR,Bank Indonesia,True,2026-09-04
2024-01-22,15627,USD,JISDOR,Bank Indonesia,True,2026-09-04
2024-01-23,15656,USD,JISDOR,Bank Indonesia,True,2026-09-04
2024-01-24,15719,USD,JISDOR,Bank Indonesia,True,2026-09-04
2024-01-25,15767,USD,JISDOR,Bank Indonesia,True,2026-09-04
2024-01-26,15829,USD,JISDOR,Bank Indonesia,True,2026-09-04
2024-01-29,15825,USD,JISDOR,Bank Indonesia,True,2026-09-04
2024-01-30,15796,USD,JISDOR,Bank Indonesia,True,2026-09-04
2024-01-31,15803,USD,JISDOR,Bank Indonesia,True,2026-09-04
2024-02-01,15775,USD,JISDOR,Bank Indonesia,True,2026-09-04
2024-02-02,15688,USD,JISDOR,Bank Indonesia,True,2026-09-04
2024-02-05,15705,USD,JISDOR,Bank Indonesia,True,2026-09-04
2024-02-06,15734,USD,JISDOR,Bank Indonesia,True,2026-09-04
2024-02-07,15685,USD,JISDOR,Bank Indonesia,True,2026-09-04
2024-02-12,15612,USD,JISDOR,Bank Indonesia,True,2026-09-04
2024-02-13,15585,USD,JISDOR,Bank Indonesia,True,2026-09-04
2024-02-15,15606,USD,JISDOR,Bank Indonesia,True,2026-09-04
2024-02-16,15654,USD,JISDOR,Bank Indonesia,True,2026-09-04
2024-02-19,15630,USD,JISDOR,Bank Indonesia,True,2026-09-04
2024-02-20,15659,USD,JISDOR,Bank Indonesia,True,2026-09-04
2024-02-21,15658,USD,JISDOR,Bank Indonesia,True,2026-09-04
2024-02-22,15630,USD,JISDOR,Bank Indonesia,True,2026-09-04
2024-02-23,15589,USD,JISDOR,Bank Indonesia,True,2026-09-04
2024-02-26,15635,USD,JISDOR,Bank Indonesia,True,2026-09-04
2024-02-27,15655,USD,JISDOR,Bank Indonesia,True,2026-09-04
2024-02-28,15673,USD,JISDOR,Bank Indonesia,True,2026-09-04
2024-02-29,15715,USD,JISDOR,Bank Indonesia,True,2026-09-04
2024-03-01,15696,USD,JISDOR,Bank Indonesia,True,2026-09-04
2024-03-04,15723,USD,JISDOR,Bank Indonesia,True,2026-09-04
2024-03-05,15756,USD,JISDOR,Bank Indonesia,True,2026-09-04
2024-03-06,15723,USD,JISDOR,Bank Indonesia,True,2026-09-04
2024-03-07,15658,USD,JISDOR,Bank Indonesia,True,2026-09-04
2024-03-08,15603,USD,JISDOR,Bank Indonesia,True,2026-09-04
2024-03-13,15576,USD,JISDOR,Bank Indonesia,True,2026-09-04
2024-03-14,15582,USD,JISDOR,Bank Indonesia,True,2026-09-04
2024-03-15,15624,USD,JISDOR,Bank Indonesia,True,2026-09-04
2024-03-18,15672,USD,JISDOR,Bank Indonesia,True,2026-09-04
2024-03-19,15712,USD,JISDOR,Bank Indonesia,True,2026-09-04
2024-03-20,15727,USD,JISDOR,Bank Indonesia,True,2026-09-04
2024-03-21,15662,USD,JISDOR,Bank Indonesia,True,2026-09-04
2024-03-22,15773,USD,JISDOR,Bank Indonesia,True,2026-09-04
2024-03-25,15795,USD,JISDOR,Bank Indonesia,True,2026-09-04
2024-03-26,15797,USD,JISDOR,Bank Indonesia,True,2026-09-04
2024-03-27,15853,USD,JISDOR,Bank Indonesia,True,2026-09-04
2024-03-28,15873,USD,JISDOR,Bank Indonesia,True,2026-09-04
2024-04-01,15909,USD,JISDOR,Bank Indonesia,True,2026-09-04
2024-04-02,15934,USD,JISDOR,Bank Indonesia,True,2026-09-04
2024-04-03,15923,USD,JISDOR,Bank Indonesia,True,2026-09-04
2024-04-04,15907,USD,JISDOR,Bank Indonesia,True,2026-09-04
2024-04-05,15873,USD,JISDOR,Bank Indonesia,True,2026-09-04
2024-04-16,16176,USD,JISDOR,Bank Indonesia,True,2026-09-04
2024-04-17,16240,USD,JISDOR,Bank Indonesia,True,2026-09-04
2024-04-18,16177,USD,JISDOR,Bank Indonesia,True,2026-09-04
2024-04-19,16280,USD,JISDOR,Bank Indonesia,True,2026-09-04
2024-04-22,16224,USD,JISDOR,Bank Indonesia,True,2026-09-04
2024-04-23,16244,USD,JISDOR,Bank Indonesia,True,2026-09-04
2024-04-24,16161,USD,JISDOR,Bank Indonesia,True,2026-09-04
2024-04-25,16208,USD,JISDOR,Bank Indonesia,True,2026-09-04
2024-04-26,16222,USD,JISDOR,Bank Indonesia,True,2026-09-04
2024-04-29,16249,USD,JISDOR,Bank Indonesia,True,2026-09-04
2024-04-30,16276,USD,JISDOR,Bank Indonesia,True,2026-09-04
2024-05-02,16202,USD,JISDOR,Bank Indonesia,True,2026-09-04
2024-05-03,16094,USD,JISDOR,Bank Indonesia,True,2026-09-04
2024-05-06,16025,USD,JISDOR,Bank Indonesia,True,2026-09-04
2024-05-07,16054,USD,JISDOR,Bank Indonesia,True,2026-09-04
2024-05-08,16081,USD,JISDOR,Bank Indonesia,True,2026-09-04
2024-05-13,16085,USD,JISDOR,Bank Indonesia,True,2026-09-04
2024-05-14,16131,USD,JISDOR,Bank Indonesia,True,2026-09-04
2024-05-15,16070,USD,JISDOR,Bank Indonesia,True,2026-09-04
2024-05-16,15944,USD,JISDOR,Bank Indonesia,True,2026-09-04
2024-05-17,15978,USD,JISDOR,Bank Indonesia,True,2026-09-04
2024-05-20,15980,USD,JISDOR,Bank Indonesia,True,2026-09-04
2024-05-21,16024,USD,JISDOR,Bank Indonesia,True,2026-09-04
2024-05-22,15995,USD,JISDOR,Bank Indonesia,True,2026-09-04
2024-05-27,16064,USD,JISDOR,Bank Indonesia,True,2026-09-04
2024-05-28,16095,USD,JISDOR,Bank Indonesia,True,2026-09-04
2024-05-29,16160,USD,JISDOR,Bank Indonesia,True,2026-09-04
2024-05-30,16253,USD,JISDOR,Bank Indonesia,True,2026-09-04
2024-05-31,16251,USD,JISDOR,Bank Indonesia,True,2026-09-04
2024-06-03,16225,USD,JISDOR,Bank Indonesia,True,2026-09-04
2024-06-04,16220,USD,JISDOR,Bank Indonesia,True,2026-09-04
2024-06-05,16282,USD,JISDOR,Bank Indonesia,True,2026-09-04
2024-06-06,16279,USD,JISDOR,Bank Indonesia,True,2026-09-04
2024-06-07,16218,USD,JISDOR,Bank Indonesia,True,2026-09-04
2024-06-10,16290,USD,JISDOR,Bank Indonesia,True,2026-09-04
2024-06-11,16295,USD,JISDOR,Bank Indonesia,True,2026-09-04
2024-06-12,16297,USD,JISDOR,Bank Indonesia,True,2026-09-04
2024-06-13,16286,USD,JISDOR,Bank Indonesia,True,2026-09-04
2024-06-14,16374,USD,JISDOR,Bank Indonesia,True,2026-09-04
2024-06-19,16368,USD,JISDOR,Bank Indonesia,True,2026-09-04
2024-06-20,16420,USD,JISDOR,Bank Indonesia,True,2026-09-04
2024-06-21,16458,USD,JISDOR,Bank Indonesia,True,2026-09-04
2024-06-24,16431,USD,JISDOR,Bank Indonesia,True,2026-09-04
2024-06-25,16379,USD,JISDOR,Bank Indonesia,True,2026-09-04
2024-06-26,16435,USD,JISDOR,Bank Indonesia,True,2026-09-04
2024-06-27,16421,USD,JISDOR,Bank Indonesia,True,2026-09-04
2024-06-28,16394,USD,JISDOR,Bank Indonesia,True,2026-09-04
2024-07-01,16355,USD,JISDOR,Bank Indonesia,True,2026-09-04
2024-07-02,16384,USD,JISDOR,Bank Indonesia,True,2026-09-04
2024-07-03,16387,USD,JISDOR,Bank Indonesia,True,2026-09-04
2024-07-04,16341,USD,JISDOR,Bank Indonesia,True,2026-09-04
2024-07-05,16312,USD,JISDOR,Bank Indonesia,True,2026-09-04
2024-07-08,16265,USD,JISDOR,Bank Indonesia,True,2026-09-04
2024-07-09,16281,USD,JISDOR,Bank Indonesia,True,2026-09-04
2024-07-10,16256,USD,JISDOR,Bank Indonesia,True,2026-09-04
2024-07-11,16200,USD,JISDOR,Bank Indonesia,True,2026-09-04
2024-07-12,16154,USD,JISDOR,Bank Indonesia,True,2026-09-04
2024-07-15,16174,USD,JISDOR,Bank Indonesia,True,2026-09-04
2024-07-16,16203,USD,JISDOR,Bank Indonesia,True,2026-09-04
2024-07-17,16129,USD,JISDOR,Bank Indonesia,True,2026-09-04
2024-07-18,16160,USD,JISDOR,Bank Indonesia,True,2026-09-04
2024-07-19,16199,USD,JISDOR,Bank Indonesia,True,2026-09-04
2024-07-22,16228,USD,JISDOR,Bank Indonesia,True,2026-09-04
2024-07-23,16204,USD,JISDOR,Bank Indonesia,True,2026-09-04
2024-07-24,16224,USD,JISDOR,Bank Indonesia,True,2026-09-04
2024-07-25,16268,USD,JISDOR,Bank Indonesia,True,2026-09-04
2024-07-26,16294,USD,JISDOR,Bank Indonesia,True,2026-09-04
2024-07-29,16286,USD,JISDOR,Bank Indonesia,True,2026-09-04
2024-07-30,16320,USD,JISDOR,Bank Indonesia,True,2026-09-04
2024-07-31,16294,USD,JISDOR,Bank Indonesia,True,2026-09-04
2024-08-01,16243,USD,JISDOR,Bank Indonesia,True,2026-09-04
2024-08-02,16234,USD,JISDOR,Bank Indonesia,True,2026-09-04
2024-08-05,16154,USD,JISDOR,Bank Indonesia,True,2026-09-04
2024-08-06,16183,USD,JISDOR,Bank Indonesia,True,2026-09-04
2024-08-07,16100,USD,JISDOR,Bank Indonesia,True,2026-09-04
2024-08-08,15952,USD,JISDOR,Bank Indonesia,True,2026-09-04
2024-08-09,15914,USD,JISDOR,Bank Indonesia,True,2026-09-04
2024-08-12,15963,USD,JISDOR,Bank Indonesia,True,2026-09-04
2024-08-13,15885,USD,JISDOR,Bank Indonesia,True,2026-09-04
2024-08-14,15691,USD,JISDOR,Bank Indonesia,True,2026-09-04
2024-08-15,15687,USD,JISDOR,Bank Indonesia,True,2026-09-04
2024-08-16,15716,USD,JISDOR,Bank Indonesia,True,2026-09-04
2024-08-19,15591,USD,JISDOR,Bank Indonesia,True,2026-09-04
2024-08-20,15480,USD,JISDOR,Bank Indonesia,True,2026-09-04
2024-08-21,15456,USD,JISDOR,Bank Indonesia,True,2026-09-04
2024-08-22,15579,USD,JISDOR,Bank Indonesia,True,2026-09-04
2024-08-23,15554,USD,JISDOR,Bank Indonesia,True,2026-09-04
2024-08-26,15380,USD,JISDOR,Bank Indonesia,True,2026-09-04
2024-08-27,15509,USD,JISDOR,Bank Indonesia,True,2026-09-04
2024-08-28,15476,USD,JISDOR,Bank Indonesia,True,2026-09-04
2024-08-29,15409,USD,JISDOR,Bank Indonesia,True,2026-09-04
2024-08-30,15473,USD,JISDOR,Bank Indonesia,True,2026-09-04
2024-09-02,15536,USD,JISDOR,Bank Indonesia,True,2026-09-04
2024-09-03,15557,USD,JISDOR,Bank Indonesia,True,2026-09-04
2024-09-04,15490,USD,JISDOR,Bank Indonesia,True,2026-09-04
2024-09-05,15410,USD,JISDOR,Bank Indonesia,True,2026-09-04
2024-09-06,15372,USD,JISDOR,Bank Indonesia,True,2026-09-04
2024-09-09,15446,USD,JISDOR,Bank Indonesia,True,2026-09-04
2024-09-10,15447,USD,JISDOR,Bank Indonesia,True,2026-09-04
2024-09-11,15415,USD,JISDOR,Bank Indonesia,True,2026-09-04
2024-09-12,15421,USD,JISDOR,Bank Indonesia,True,2026-09-04
2024-09-13,15405,USD,JISDOR,Bank Indonesia,True,2026-09-04
2024-09-17,15338,USD,JISDOR,Bank Indonesia,True,2026-09-04
2024-09-18,15350,USD,JISDOR,Bank Indonesia,True,2026-09-04
2024-09-19,15287,USD,JISDOR,Bank Indonesia,True,2026-09-04
2024-09-20,15100,USD,JISDOR,Bank Indonesia,True,2026-09-04
2024-09-23,15191,USD,JISDOR,Bank Indonesia,True,2026-09-04
2024-09-24,15186,USD,JISDOR,Bank Indonesia,True,2026-09-04
2024-09-25,15092,USD,JISDOR,Bank Indonesia,True,2026-09-04
2024-09-26,15171,USD,JISDOR,Bank Indonesia,True,2026-09-04
2024-09-27,15138,USD,JISDOR,Bank Indonesia,True,2026-09-04
2024-09-30,15144,USD,JISDOR,Bank Indonesia,True,2026-09-04
2024-10-01,15204,USD,JISDOR,Bank Indonesia,True,2026-09-04
2024-10-02,15247,USD,JISDOR,Bank Indonesia,True,2026-09-04
2024-10-03,15394,USD,JISDOR,Bank Indonesia,True,2026-09-04
2024-10-04,15495,USD,JISDOR,Bank Indonesia,True,2026-09-04
2024-10-07,15680,USD,JISDOR,Bank Indonesia,True,2026-09-04
2024-10-08,15671,USD,JISDOR,Bank Indonesia,True,2026-09-04
2024-10-09,15607,USD,JISDOR,Bank Indonesia,True,2026-09-04
2024-10-10,15658,USD,JISDOR,Bank Indonesia,True,2026-09-04
2024-10-11,15609,USD,JISDOR,Bank Indonesia,True,2026-09-04
2024-10-14,15581,USD,JISDOR,Bank Indonesia,True,2026-09-04
2024-10-15,15555,USD,JISDOR,Bank Indonesia,True,2026-09-04
2024-10-16,15536,USD,JISDOR,Bank Indonesia,True,2026-09-04
2024-10-17,15516,USD,JISDOR,Bank Indonesia,True,2026-09-04
2024-10-18,15466,USD,JISDOR,Bank Indonesia,True,2026-09-04
2024-10-21,15465,USD,JISDOR,Bank Indonesia,True,2026-09-04
2024-10-22,15560,USD,JISDOR,Bank Indonesia,True,2026-09-04
2024-10-23,15620,USD,JISDOR,Bank Indonesia,True,2026-09-04
2024-10-24,15593,USD,JISDOR,Bank Indonesia,True,2026-09-04
2024-10-25,15629,USD,JISDOR,Bank Indonesia,True,2026-09-04
2024-10-28,15729,USD,JISDOR,Bank Indonesia,True,2026-09-04
2024-10-29,15760,USD,JISDOR,Bank Indonesia,True,2026-09-04
2024-10-30,15732,USD,JISDOR,Bank Indonesia,True,2026-09-04
2024-10-31,15705,USD,JISDOR,Bank Indonesia,True,2026-09-04
2024-11-01,15723,USD,JISDOR,Bank Indonesia,True,2026-09-04
2024-11-04,15751,USD,JISDOR,Bank Indonesia,True,2026-09-04
2024-11-05,15766,USD,JISDOR,Bank Indonesia,True,2026-09-04
2024-11-06,15840,USD,JISDOR,Bank Indonesia,True,2026-09-04
2024-11-07,15767,USD,JISDOR,Bank Indonesia,True,2026-09-04
2024-11-08,15671,USD,JISDOR,Bank Indonesia,True,2026-09-04
2024-11-11,15677,USD,JISDOR,Bank Indonesia,True,2026-09-04
2024-11-12,15771,USD,JISDOR,Bank Indonesia,True,2026-09-04
2024-11-13,15782,USD,JISDOR,Bank Indonesia,True,2026-09-04
2024-11-14,15873,USD,JISDOR,Bank Indonesia,True,2026-09-04
2024-11-15,15888,USD,JISDOR,Bank Indonesia,True,2026-09-04
2024-11-18,15848,USD,JISDOR,Bank Indonesia,True,2026-09-04
2024-11-19,15816,USD,JISDOR,Bank Indonesia,True,2026-09-04
2024-11-20,15858,USD,JISDOR,Bank Indonesia,True,2026-09-04
2024-11-21,15942,USD,JISDOR,Bank Indonesia,True,2026-09-04
2024-11-22,15911,USD,JISDOR,Bank Indonesia,True,2026-09-04
2024-11-25,15864,USD,JISDOR,Bank Indonesia,True,2026-09-04
2024-11-26,15930,USD,JISDOR,Bank Indonesia,True,2026-09-04
2024-11-28,15864,USD,JISDOR,Bank Indonesia,True,2026-09-04
2024-11-29,15856,USD,JISDOR,Bank Indonesia,True,2026-09-04
2024-12-02,15905,USD,JISDOR,Bank Indonesia,True,2026-09-04
2024-12-03,15950,USD,JISDOR,Bank Indonesia,True,2026-09-04
2024-12-04,15957,USD,JISDOR,Bank Indonesia,True,2026-09-04
2024-12-05,15892,USD,JISDOR,Bank Indonesia,True,2026-09-04
2024-12-06,15848,USD,JISDOR,Bank Indonesia,True,2026-09-04
2024-12-09,15861,USD,JISDOR,Bank Indonesia,True,2026-09-04
2024-12-10,15874,USD,JISDOR,Bank Indonesia,True,2026-09-04
2024-12-11,15905,USD,JISDOR,Bank Indonesia,True,2026-09-04
2024-12-12,15939,USD,JISDOR,Bank Indonesia,True,2026-09-04
2024-12-13,15987,USD,JISDOR,Bank Indonesia,True,2026-09-04
2024-12-16,16019,USD,JISDOR,Bank Indonesia,True,2026-09-04
2024-12-17,16050,USD,JISDOR,Bank Indonesia,True,2026-09-04
2024-12-18,16100,USD,JISDOR,Bank Indonesia,True,2026-09-04
2024-12-19,16277,USD,JISDOR,Bank Indonesia,True,2026-09-04
2024-12-20,16270,USD,JISDOR,Bank Indonesia,True,2026-09-04
2024-12-23,16159,USD,JISDOR,Bank Indonesia,True,2026-09-04
2024-12-24,16208,USD,JISDOR,Bank Indonesia,True,2026-09-04
2024-12-27,16251,USD,JISDOR,Bank Indonesia,True,2026-09-04
2024-12-30,16162,USD,JISDOR,Bank Indonesia,True,2026-09-04
2024-12-31,16157,USD,JISDOR,Bank Indonesia,True,2026-09-04
2025-01-02,16236,USD,JISDOR,Bank Indonesia,True,2026-09-04
2025-01-03,16217,USD,JISDOR,Bank Indonesia,True,2026-09-04
2025-01-06,16193,USD,JISDOR,Bank Indonesia,True,2026-09-04
2025-01-07,16169,USD,JISDOR,Bank Indonesia,True,2026-09-04
2025-01-08,16201,USD,JISDOR,Bank Indonesia,True,2026-09-04
2025-01-09,16238,USD,JISDOR,Bank Indonesia,True,2026-09-04
2025-01-10,16194,USD,JISDOR,Bank Indonesia,True,2026-09-04
2025-01-13,16281,USD,JISDOR,Bank Indonesia,True,2026-09-04
2025-01-14,16265,USD,JISDOR,Bank Indonesia,True,2026-09-04
2025-01-15,16311,USD,JISDOR,Bank Indonesia,True,2026-09-04
2025-01-16,16378,USD,JISDOR,Bank Indonesia,True,2026-09-04
2025-01-17,16373,USD,JISDOR,Bank Indonesia,True,2026-09-04
2025-01-20,16372,USD,JISDOR,Bank Indonesia,True,2026-09-04
2025-01-21,16331,USD,JISDOR,Bank Indonesia,True,2026-09-04
2025-01-22,16327,USD,JISDOR,Bank Indonesia,True,2026-09-04
2025-01-23,16276,USD,JISDOR,Bank Indonesia,True,2026-09-04
2025-01-24,16200,USD,JISDOR,Bank Indonesia,True,2026-09-04
2025-01-30,16259,USD,JISDOR,Bank Indonesia,True,2026-09-04
2025-01-31,16312,USD,JISDOR,Bank Indonesia,True,2026-09-04
2025-02-03,16453,USD,JISDOR,Bank Indonesia,True,2026-09-04
2025-02-04,16365,USD,JISDOR,Bank Indonesia,True,2026-09-04
2025-02-05,16308,USD,JISDOR,Bank Indonesia,True,2026-09-04
2025-02-06,16330,USD,JISDOR,Bank Indonesia,True,2026-09-04
2025-02-07,16325,USD,JISDOR,Bank Indonesia,True,2026-09-04
2025-02-10,16350,USD,JISDOR,Bank Indonesia,True,2026-09-04
2025-02-11,16380,USD,JISDOR,Bank Indonesia,True,2026-09-04
2025-02-12,16364,USD,JISDOR,Bank Indonesia,True,2026-09-04
2025-02-13,16365,USD,JISDOR,Bank Indonesia,True,2026-09-04
2025-02-14,16285,USD,JISDOR,Bank Indonesia,True,2026-09-04
2025-02-17,16208,USD,JISDOR,Bank Indonesia,True,2026-09-04
2025-02-18,16275,USD,JISDOR,Bank Indonesia,True,2026-09-04
2025-02-19,16357,USD,JISDOR,Bank Indonesia,True,2026-09-04
2025-02-20,16344,USD,JISDOR,Bank Indonesia,True,2026-09-04
2025-02-21,16300,USD,JISDOR,Bank Indonesia,True,2026-09-04
2025-02-24,16303,USD,JISDOR,Bank Indonesia,True,2026-09-04
2025-02-25,16316,USD,JISDOR,Bank Indonesia,True,2026-09-04
2025-02-26,16387,USD,JISDOR,Bank Indonesia,True,2026-09-04
2025-02-27,16431,USD,JISDOR,Bank Indonesia,True,2026-09-04
2025-02-28,16575,USD,JISDOR,Bank Indonesia,True,2026-09-04
2025-03-03,16506,USD,JISDOR,Bank Indonesia,True,2026-09-04
2025-03-04,16443,USD,JISDOR,Bank Indonesia,True,2026-09-04
2025-03-05,16371,USD,JISDOR,Bank Indonesia,True,2026-09-04
2025-03-06,16315,USD,JISDOR,Bank Indonesia,True,2026-09-04
2025-03-07,16336,USD,JISDOR,Bank Indonesia,True,2026-09-04
2025-03-10,16326,USD,JISDOR,Bank Indonesia,True,2026-09-04
2025-03-11,16430,USD,JISDOR,Bank Indonesia,True,2026-09-04
2025-03-12,16453,USD,JISDOR,Bank Indonesia,True,2026-09-04
2025-03-13,16428,USD,JISDOR,Bank Indonesia,True,2026-09-04
2025-03-14,16392,USD,JISDOR,Bank Indonesia,True,2026-09-04
2025-03-17,16379,USD,JISDOR,Bank Indonesia,True,2026-09-04
2025-03-18,16432,USD,JISDOR,Bank Indonesia,True,2026-09-04
2025-03-19,16528,USD,JISDOR,Bank Indonesia,True,2026-09-04
2025-03-20,16481,USD,JISDOR,Bank Indonesia,True,2026-09-04
2025-03-21,16501,USD,JISDOR,Bank Indonesia,True,2026-09-04
2025-03-24,16561,USD,JISDOR,Bank Indonesia,True,2026-09-04
2025-03-25,16622,USD,JISDOR,Bank Indonesia,True,2026-09-04
2025-03-26,16588,USD,JISDOR,Bank Indonesia,True,2026-09-04
2025-03-27,16566,USD,JISDOR,Bank Indonesia,True,2026-09-04
2025-04-08,16849,USD,JISDOR,Bank Indonesia,True,2026-09-04
2025-04-09,16943,USD,JISDOR,Bank Indonesia,True,2026-09-04
2025-04-10,16779,USD,JISDOR,Bank Indonesia,True,2026-09-04
2025-04-11,16805,USD,JISDOR,Bank Indonesia,True,2026-09-04
2025-04-14,16773,USD,JISDOR,Bank Indonesia,True,2026-09-04
2025-04-15,16815,USD,JISDOR,Bank Indonesia,True,2026-09-04
2025-04-16,16845,USD,JISDOR,Bank Indonesia,True,2026-09-04
2025-04-17,16833,USD,JISDOR,Bank Indonesia,True,2026-09-04
2025-04-21,16808,USD,JISDOR,Bank Indonesia,True,2026-09-04
2025-04-22,16862,USD,JISDOR,Bank Indonesia,True,2026-09-04
2025-04-23,16880,USD,JISDOR,Bank Indonesia,True,2026-09-04
2025-04-24,16884,USD,JISDOR,Bank Indonesia,True,2026-09-04
2025-04-25,16829,USD,JISDOR,Bank Indonesia,True,2026-09-04
2025-04-28,16862,USD,JISDOR,Bank Indonesia,True,2026-09-04
2025-04-29,16787,USD,JISDOR,Bank Indonesia,True,2026-09-04
2025-04-30,16679,USD,JISDOR,Bank Indonesia,True,2026-09-04
2025-05-02,16493,USD,JISDOR,Bank Indonesia,True,2026-09-04
2025-05-05,16421,USD,JISDOR,Bank Indonesia,True,2026-09-04
2025-05-06,16472,USD,JISDOR,Bank Indonesia,True,2026-09-04
2025-05-07,16533,USD,JISDOR,Bank Indonesia,True,2026-09-04
2025-05-08,16497,USD,JISDOR,Bank Indonesia,True,2026-09-04
2025-05-09,16532,USD,JISDOR,Bank Indonesia,True,2026-09-04
2025-05-14,16568,USD,JISDOR,Bank Indonesia,True,2026-09-04
2025-05-15,16535,USD,JISDOR,Bank Indonesia,True,2026-09-04
2025-05-16,16424,USD,JISDOR,Bank Indonesia,True,2026-09-04
2025-05-19,16455,USD,JISDOR,Bank Indonesia,True,2026-09-04
2025-05-20,16406,USD,JISDOR,Bank Indonesia,True,2026-09-04
2025-05-21,16413,USD,JISDOR,Bank Indonesia,True,2026-09-04
2025-05-22,16313,USD,JISDOR,Bank Indonesia,True,2026-09-04
2025-05-23,16289,USD,JISDOR,Bank Indonesia,True,2026-09-04
2025-05-26,16207,USD,JISDOR,Bank Indonesia,True,2026-09-04
2025-05-27,16255,USD,JISDOR,Bank Indonesia,True,2026-09-04
2025-05-28,16300,USD,JISDOR,Bank Indonesia,True,2026-09-04
2025-06-02,16297,USD,JISDOR,Bank Indonesia,True,2026-09-04
2025-06-03,16288,USD,JISDOR,Bank Indonesia,True,2026-09-04
2025-06-04,16305,USD,JISDOR,Bank Indonesia,True,2026-09-04
2025-06-05,16277,USD,JISDOR,Bank Indonesia,True,2026-09-04
2025-06-10,16276,USD,JISDOR,Bank Indonesia,True,2026-09-04
2025-06-11,16265,USD,JISDOR,Bank Indonesia,True,2026-09-04
2025-06-12,16237,USD,JISDOR,Bank Indonesia,True,2026-09-04
2025-06-13,16293,USD,JISDOR,Bank Indonesia,True,2026-09-04
2025-06-16,16296,USD,JISDOR,Bank Indonesia,True,2026-09-04
2025-06-17,16281,USD,JISDOR,Bank Indonesia,True,2026-09-04
2025-06-18,16319,USD,JISDOR,Bank Indonesia,True,2026-09-04
2025-06-19,16378,USD,JISDOR,Bank Indonesia,True,2026-09-04
2025-06-20,16399,USD,JISDOR,Bank Indonesia,True,2026-09-04
2025-06-23,16484,USD,JISDOR,Bank Indonesia,True,2026-09-04
2025-06-24,16370,USD,JISDOR,Bank Indonesia,True,2026-09-04
2025-06-25,16292,USD,JISDOR,Bank Indonesia,True,2026-09-04
2025-06-26,16233,USD,JISDOR,Bank Indonesia,True,2026-09-04
2025-06-30,16231,USD,JISDOR,Bank Indonesia,True,2026-09-04
2025-07-01,16192,USD,JISDOR,Bank Indonesia,True,2026-09-04
2025-07-02,16236,USD,JISDOR,Bank Indonesia,True,2026-09-04
2025-07-03,16209,USD,JISDOR,Bank Indonesia,True,2026-09-04
2025-07-04,16204,USD,JISDOR,Bank Indonesia,True,2026-09-04
2025-07-07,16237,USD,JISDOR,Bank Indonesia,True,2026-09-04
2025-07-08,16238,USD,JISDOR,Bank Indonesia,True,2026-09-04
2025-07-09,16254,USD,JISDOR,Bank Indonesia,True,2026-09-04
2025-07-10,16220,USD,JISDOR,Bank Indonesia,True,2026-09-04
2025-07-11,16221,USD,JISDOR,Bank Indonesia,True,2026-09-04
2025-07-14,16247,USD,JISDOR,Bank Indonesia,True,2026-09-04
2025-07-15,16281,USD,JISDOR,Bank Indonesia,True,2026-09-04
2025-07-16,16288,USD,JISDOR,Bank Indonesia,True,2026-09-04
2025-07-17,16329,USD,JISDOR,Bank Indonesia,True,2026-09-04
2025-07-18,16301,USD,JISDOR,Bank Indonesia,True,2026-09-04
2025-07-21,16330,USD,JISDOR,Bank Indonesia,True,2026-09-04
2025-07-22,16307,USD,JISDOR,Bank Indonesia,True,2026-09-04
2025-07-23,16298,USD,JISDOR,Bank Indonesia,True,2026-09-04
2025-07-24,16283,USD,JISDOR,Bank Indonesia,True,2026-09-04
2025-07-25,16325,USD,JISDOR,Bank Indonesia,True,2026-09-04
2025-07-28,16341,USD,JISDOR,Bank Indonesia,True,2026-09-04
2025-07-29,16399,USD,JISDOR,Bank Indonesia,True,2026-09-04
2025-07-30,16387,USD,JISDOR,Bank Indonesia,True,2026-09-04
2025-07-31,16459,USD,JISDOR,Bank Indonesia,True,2026-09-04
2025-08-01,16494,USD,JISDOR,Bank Indonesia,True,2026-09-04
2025-08-04,16388,USD,JISDOR,Bank Indonesia,True,2026-09-04
2025-08-05,16388,USD,JISDOR,Bank Indonesia,True,2026-09-04
2025-08-06,16379,USD,JISDOR,Bank Indonesia,True,2026-09-04
2025-08-07,16312,USD,JISDOR,Bank Indonesia,True,2026-09-04
2025-08-08,16299,USD,JISDOR,Bank Indonesia,True,2026-09-04
2025-08-11,16253,USD,JISDOR,Bank Indonesia,True,2026-09-04
2025-08-12,16298,USD,JISDOR,Bank Indonesia,True,2026-09-04
2025-08-13,16237,USD,JISDOR,Bank Indonesia,True,2026-09-04
2025-08-14,16109,USD,JISDOR,Bank Indonesia,True,2026-09-04
2025-08-15,16162,USD,JISDOR,Bank Indonesia,True,2026-09-04
2025-08-19,16241,USD,JISDOR,Bank Indonesia,True,2026-09-04
2025-08-20,16291,USD,JISDOR,Bank Indonesia,True,2026-09-04
2025-08-21,16283,USD,JISDOR,Bank Indonesia,True,2026-09-04
2025-08-22,16340,USD,JISDOR,Bank Indonesia,True,2026-09-04
2025-08-25,16255,USD,JISDOR,Bank Indonesia,True,2026-09-04
2025-08-26,16277,USD,JISDOR,Bank Indonesia,True,2026-09-04
2025-08-27,16355,USD,JISDOR,Bank Indonesia,True,2026-09-04
2025-08-28,16356,USD,JISDOR,Bank Indonesia,True,2026-09-04
2025-08-29,16461,USD,JISDOR,Bank Indonesia,True,2026-09-04
2025-09-01,16463,USD,JISDOR,Bank Indonesia,True,2026-09-04
2025-09-02,16418,USD,JISDOR,Bank Indonesia,True,2026-09-04
2025-09-03,16424,USD,JISDOR,Bank Indonesia,True,2026-09-04
2025-09-04,16438,USD,JISDOR,Bank Indonesia,True,2026-09-04
2025-09-08,16348,USD,JISDOR,Bank Indonesia,True,2026-09-04
2025-09-09,16462,USD,JISDOR,Bank Indonesia,True,2026-09-04
2025-09-10,16457,USD,JISDOR,Bank Indonesia,True,2026-09-04
2025-09-11,16468,USD,JISDOR,Bank Indonesia,True,2026-09-04
2025-09-12,16391,USD,JISDOR,Bank Indonesia,True,2026-09-04
2025-09-15,16405,USD,JISDOR,Bank Indonesia,True,2026-09-04
2025-09-16,16385,USD,JISDOR,Bank Indonesia,True,2026-09-04
2025-09-17,16430,USD,JISDOR,Bank Indonesia,True,2026-09-04
2025-09-18,16498,USD,JISDOR,Bank Indonesia,True,2026-09-04
2025-09-19,16578,USD,JISDOR,Bank Indonesia,True,2026-09-04
2025-09-22,16607,USD,JISDOR,Bank Indonesia,True,2026-09-04
2025-09-23,16636,USD,JISDOR,Bank Indonesia,True,2026-09-04
2025-09-24,16680,USD,JISDOR,Bank Indonesia,True,2026-09-04
2025-09-25,16752,USD,JISDOR,Bank Indonesia,True,2026-09-04
2025-09-26,16775,USD,JISDOR,Bank Indonesia,True,2026-09-04
2025-09-29,16680,USD,JISDOR,Bank Indonesia,True,2026-09-04
2025-09-30,16692,USD,JISDOR,Bank Indonesia,True,2026-09-04
2025-10-01,16680,USD,JISDOR,Bank Indonesia,True,2026-09-04
2025-10-02,16612,USD,JISDOR,Bank Indonesia,True,2026-09-04
2025-10-03,16611,USD,JISDOR,Bank Indonesia,True,2026-09-04
2025-10-06,16598,USD,JISDOR,Bank Indonesia,True,2026-09-04
2025-10-07,16560,USD,JISDOR,Bank Indonesia,True,2026-09-04
2025-10-08,16606,USD,JISDOR,Bank Indonesia,True,2026-09-04
2025-10-09,16534,USD,JISDOR,Bank Indonesia,True,2026-09-04
2025-10-10,16585,USD,JISDOR,Bank Indonesia,True,2026-09-04
2025-10-13,16580,USD,JISDOR,Bank Indonesia,True,2026-09-04
2025-10-14,16577,USD,JISDOR,Bank Indonesia,True,2026-09-04
2025-10-15,16577,USD,JISDOR,Bank Indonesia,True,2026-09-04
2025-10-16,16580,USD,JISDOR,Bank Indonesia,True,2026-09-04
2025-10-17,16590,USD,JISDOR,Bank Indonesia,True,2026-09-04
2025-10-20,16585,USD,JISDOR,Bank Indonesia,True,2026-09-04
2025-10-21,16589,USD,JISDOR,Bank Indonesia,True,2026-09-04
2025-10-22,16617,USD,JISDOR,Bank Indonesia,True,2026-09-04
2025-10-23,16645,USD,JISDOR,Bank Indonesia,True,2026-09-04
2025-10-24,16630,USD,JISDOR,Bank Indonesia,True,2026-09-04
2025-10-27,16628,USD,JISDOR,Bank Indonesia,True,2026-09-04
2025-10-28,16622,USD,JISDOR,Bank Indonesia,True,2026-09-04
2025-10-29,16631,USD,JISDOR,Bank Indonesia,True,2026-09-04
2025-10-30,16640,USD,JISDOR,Bank Indonesia,True,2026-09-04
2025-10-31,16625,USD,JISDOR,Bank Indonesia,True,2026-09-04
2025-11-03,16664,USD,JISDOR,Bank Indonesia,True,2026-09-04
2025-11-04,16724,USD,JISDOR,Bank Indonesia,True,2026-09-04
2025-11-05,16729,USD,JISDOR,Bank Indonesia,True,2026-09-04
2025-11-06,16707,USD,JISDOR,Bank Indonesia,True,2026-09-04
2025-11-07,16704,USD,JISDOR,Bank Indonesia,True,2026-09-04
2025-11-10,16666,USD,JISDOR,Bank Indonesia,True,2026-09-04
2025-11-11,16698,USD,JISDOR,Bank Indonesia,True,2026-09-04
2025-11-12,16722,USD,JISDOR,Bank Indonesia,True,2026-09-04
2025-11-13,16732,USD,JISDOR,Bank Indonesia,True,2026-09-04
2025-11-14,16710,USD,JISDOR,Bank Indonesia,True,2026-09-04
2025-11-17,16734,USD,JISDOR,Bank Indonesia,True,2026-09-04
2025-11-18,16760,USD,JISDOR,Bank Indonesia,True,2026-09-04
2025-11-19,16732,USD,JISDOR,Bank Indonesia,True,2026-09-04
2025-11-20,16742,USD,JISDOR,Bank Indonesia,True,2026-09-04
2025-11-21,16719,USD,JISDOR,Bank Indonesia,True,2026-09-04
2025-11-24,16709,USD,JISDOR,Bank Indonesia,True,2026-09-04
2025-11-25,16667,USD,JISDOR,Bank Indonesia,True,2026-09-04
2025-11-26,16673,USD,JISDOR,Bank Indonesia,True,2026-09-04
2025-11-27,16644,USD,JISDOR,Bank Indonesia,True,2026-09-04
2025-11-28,16661,USD,JISDOR,Bank Indonesia,True,2026-09-04
2025-12-01,16668,USD,JISDOR,Bank Indonesia,True,2026-09-04
2025-12-02,16632,USD,JISDOR,Bank Indonesia,True,2026-09-04
2025-12-03,16632,USD,JISDOR,Bank Indonesia,True,2026-09-04
2025-12-04,16646,USD,JISDOR,Bank Indonesia,True,2026-09-04
2025-12-05,16655,USD,JISDOR,Bank Indonesia,True,2026-09-04
2025-12-08,16688,USD,JISDOR,Bank Indonesia,True,2026-09-04
2025-12-09,16677,USD,JISDOR,Bank Indonesia,True,2026-09-04
2025-12-10,16688,USD,JISDOR,Bank Indonesia,True,2026-09-04
2025-12-11,16668,USD,JISDOR,Bank Indonesia,True,2026-09-04
2025-12-12,16652,USD,JISDOR,Bank Indonesia,True,2026-09-04
2025-12-15,16669,USD,JISDOR,Bank Indonesia,True,2026-09-04
2025-12-16,16693,USD,JISDOR,Bank Indonesia,True,2026-09-04
2025-12-17,16698,USD,JISDOR,Bank Indonesia,True,2026-09-04
2025-12-18,16722,USD,JISDOR,Bank Indonesia,True,2026-09-04
2025-12-19,16735,USD,JISDOR,Bank Indonesia,True,2026-09-04
2025-12-22,16773,USD,JISDOR,Bank Indonesia,True,2026-09-04
2025-12-23,16790,USD,JISDOR,Bank Indonesia,True,2026-09-04
2025-12-24,16767,USD,JISDOR,Bank Indonesia,True,2026-09-04
2025-12-29,16788,USD,JISDOR,Bank Indonesia,True,2026-09-04
2025-12-30,16782,USD,JISDOR,Bank Indonesia,True,2026-09-04
2025-12-31,16720,USD,JISDOR,Bank Indonesia,True,2026-09-04
2026-01-02,16725,USD,JISDOR,Bank Indonesia,True,2026-09-04
2026-01-05,16748,USD,JISDOR,Bank Indonesia,True,2026-09-04
2026-01-06,16762,USD,JISDOR,Bank Indonesia,True,2026-09-04
2026-01-07,16785,USD,JISDOR,Bank Indonesia,True,2026-09-04
2026-01-08,16801,USD,JISDOR,Bank Indonesia,True,2026-09-04
2026-01-09,16834,USD,JISDOR,Bank Indonesia,True,2026-09-04
2026-01-12,16853,USD,JISDOR,Bank Indonesia,True,2026-09-04
2026-01-13,16875,USD,JISDOR,Bank Indonesia,True,2026-09-04
2026-01-14,16871,USD,JISDOR,Bank Indonesia,True,2026-09-04
2026-01-15,16880,USD,JISDOR,Bank Indonesia,True,2026-09-04
2026-01-19,16935,USD,JISDOR,Bank Indonesia,True,2026-09-04
2026-01-20,16981,USD,JISDOR,Bank Indonesia,True,2026-09-04
2026-01-21,16963,USD,JISDOR,Bank Indonesia,True,2026-09-04
2026-01-22,16902,USD,JISDOR,Bank Indonesia,True,2026-09-04
2026-01-23,16838,USD,JISDOR,Bank Indonesia,True,2026-09-04
2026-01-26,16779,USD,JISDOR,Bank Indonesia,True,2026-09-04
2026-01-27,16801,USD,JISDOR,Bank Indonesia,True,2026-09-04
2026-01-28,16723,USD,JISDOR,Bank Indonesia,True,2026-09-04
2026-01-29,16786,USD,JISDOR,Bank Indonesia,True,2026-09-04
2026-01-30,16796,USD,JISDOR,Bank Indonesia,True,2026-09-04
2026-02-02,16800,USD,JISDOR,Bank Indonesia,True,2026-09-04
2026-02-03,16777,USD,JISDOR,Bank Indonesia,True,2026-09-04
2026-02-04,16775,USD,JISDOR,Bank Indonesia,True,2026-09-04
2026-02-05,16826,USD,JISDOR,Bank Indonesia,True,2026-09-04
2026-02-06,16887,USD,JISDOR,Bank Indonesia,True,2026-09-04
2026-02-09,16838,USD,JISDOR,Bank Indonesia,True,2026-09-04
2026-02-10,16799,USD,JISDOR,Bank Indonesia,True,2026-09-04
2026-02-11,16781,USD,JISDOR,Bank Indonesia,True,2026-09-04
2026-02-12,16826,USD,JISDOR,Bank Indonesia,True,2026-09-04
2026-02-13,16844,USD,JISDOR,Bank Indonesia,True,2026-09-04
2026-02-18,16884,USD,JISDOR,Bank Indonesia,True,2026-09-04
2026-02-19,16925,USD,JISDOR,Bank Indonesia,True,2026-09-04
2026-02-20,16885,USD,JISDOR,Bank Indonesia,True,2026-09-04
2026-02-23,16818,USD,JISDOR,Bank Indonesia,True,2026-09-04
2026-02-24,16830,USD,JISDOR,Bank Indonesia,True,2026-09-04
2026-02-25,16813,USD,JISDOR,Bank Indonesia,True,2026-09-04
2026-02-26,16758,USD,JISDOR,Bank Indonesia,True,2026-09-04
2026-02-27,16779,USD,JISDOR,Bank Indonesia,True,2026-09-04
2026-03-02,16848,USD,JISDOR,Bank Indonesia,True,2026-09-04
2026-03-03,16870,USD,JISDOR,Bank Indonesia,True,2026-09-04
2026-03-04,16911,USD,JISDOR,Bank Indonesia,True,2026-09-04
2026-03-05,16886,USD,JISDOR,Bank Indonesia,True,2026-09-04
2026-03-06,16919,USD,JISDOR,Bank Indonesia,True,2026-09-04
2026-03-09,16974,USD,JISDOR,Bank Indonesia,True,2026-09-04
2026-03-10,16879,USD,JISDOR,Bank Indonesia,True,2026-09-04
2026-03-11,16867,USD,JISDOR,Bank Indonesia,True,2026-09-04
2026-03-12,16899,USD,JISDOR,Bank Indonesia,True,2026-09-04
2026-03-13,16934,USD,JISDOR,Bank Indonesia,True,2026-09-04
2026-03-16,16990,USD,JISDOR,Bank Indonesia,True,2026-09-04
2026-03-17,16982,USD,JISDOR,Bank Indonesia,True,2026-09-04
2026-03-25,16905,USD,JISDOR,Bank Indonesia,True,2026-09-04
2026-03-26,16903,USD,JISDOR,Bank Indonesia,True,2026-09-04
2026-03-27,16957,USD,JISDOR,Bank Indonesia,True,2026-09-04
2026-03-30,16993,USD,JISDOR,Bank Indonesia,True,2026-09-04
2026-03-31,16999,USD,JISDOR,Bank Indonesia,True,2026-09-04
2026-04-01,17002,USD,JISDOR,Bank Indonesia,True,2026-09-04
2026-04-02,17015,USD,JISDOR,Bank Indonesia,True,2026-09-04
2026-04-06,17037,USD,JISDOR,Bank Indonesia,True,2026-09-04
2026-04-07,17092,USD,JISDOR,Bank Indonesia,True,2026-09-04
2026-04-08,17009,USD,JISDOR,Bank Indonesia,True,2026-09-04
2026-04-09,17082,USD,JISDOR,Bank Indonesia,True,2026-09-04
2026-04-10,17112,USD,JISDOR,Bank Indonesia,True,2026-09-04
2026-04-13,17122,USD,JISDOR,Bank Indonesia,True,2026-09-04
2026-04-14,17135,USD,JISDOR,Bank Indonesia,True,2026-09-04
2026-04-15,17141,USD,JISDOR,Bank Indonesia,True,2026-09-04
2026-04-16,17142,USD,JISDOR,Bank Indonesia,True,2026-09-04
2026-04-17,17189,USD,JISDOR,Bank Indonesia,True,2026-09-04
2026-04-20,17176,USD,JISDOR,Bank Indonesia,True,2026-09-04
2026-04-21,17142,USD,JISDOR,Bank Indonesia,True,2026-09-04
2026-04-22,17179,USD,JISDOR,Bank Indonesia,True,2026-09-04
2026-04-23,17308,USD,JISDOR,Bank Indonesia,True,2026-09-04
2026-04-24,17278,USD,JISDOR,Bank Indonesia,True,2026-09-04
2026-04-27,17227,USD,JISDOR,Bank Indonesia,True,2026-09-04
2026-04-28,17245,USD,JISDOR,Bank Indonesia,True,2026-09-04
2026-04-29,17324,USD,JISDOR,Bank Indonesia,True,2026-09-04
2026-04-30,17378,USD,JISDOR,Bank Indonesia,True,2026-09-04
2026-05-04,17368,USD,JISDOR,Bank Indonesia,True,2026-09-04
2026-05-05,17425,USD,JISDOR,Bank Indonesia,True,2026-09-04
2026-05-06,17405,USD,JISDOR,Bank Indonesia,True,2026-09-04
2026-05-07,17362,USD,JISDOR,Bank Indonesia,True,2026-09-04
2026-05-08,17375,USD,JISDOR,Bank Indonesia,True,2026-09-04
2026-05-11,17415,USD,JISDOR,Bank Indonesia,True,2026-09-04
2026-05-12,17514,USD,JISDOR,Bank Indonesia,True,2026-09-04
2026-05-13,17496,USD,JISDOR,Bank Indonesia,True,2026-09-04
2026-05-18,17666,USD,JISDOR,Bank Indonesia,True,2026-09-04
2026-05-19,17719,USD,JISDOR,Bank Indonesia,True,2026-09-04
2026-05-20,17685,USD,JISDOR,Bank Indonesia,True,2026-09-04
2026-05-21,17673,USD,JISDOR,Bank Indonesia,True,2026-09-04
2026-05-22,17717,USD,JISDOR,Bank Indonesia,True,2026-09-04
2026-05-25,17743,USD,JISDOR,Bank Indonesia,True,2026-09-04
2026-05-26,17789,USD,JISDOR,Bank Indonesia,True,2026-09-04
2026-05-29,17883,USD,JISDOR,Bank Indonesia,True,2026-09-04
2026-06-02,17863,USD,JISDOR,Bank Indonesia,True,2026-09-04
2026-06-03,17931,USD,JISDOR,Bank Indonesia,True,2026-09-04
2026-06-04,18039,USD,JISDOR,Bank Indonesia,True,2026-09-04
2026-06-05,18039,USD,JISDOR,Bank Indonesia,True,2026-09-04
2026-06-08,18171,USD,JISDOR,Bank Indonesia,True,2026-09-04
2026-06-09,18141,USD,JISDOR,Bank Indonesia,True,2026-09-04
2026-06-10,17971,USD,JISDOR,Bank Indonesia,True,2026-09-04
2026-06-11,17981,USD,JISDOR,Bank Indonesia,True,2026-09-04
2026-06-12,17921,USD,JISDOR,Bank Indonesia,True,2026-09-04
2026-06-15,17719,USD,JISDOR,Bank Indonesia,True,2026-09-04
2026-06-17,17753,USD,JISDOR,Bank Indonesia,True,2026-09-04
2026-06-18,17826,USD,JISDOR,Bank Indonesia,True,2026-09-04
2026-06-19,17826,USD,JISDOR,Bank Indonesia,True,2026-09-04
2026-06-22,17819,USD,JISDOR,Bank Indonesia,True,2026-09-04
2026-06-23,17868,USD,JISDOR,Bank Indonesia,True,2026-09-04
2026-06-24,17955,USD,JISDOR,Bank Indonesia,True,2026-09-04
2026-06-25,17942,USD,JISDOR,Bank Indonesia,True,2026-09-04
2026-06-26,17962,USD,JISDOR,Bank Indonesia,True,2026-09-04
2026-06-29,17856,USD,JISDOR,Bank Indonesia,True,2026-09-04
2026-06-30,17899,USD,JISDOR,Bank Indonesia,True,2026-09-04
2026-07-01,17961,USD,JISDOR,Bank Indonesia,True,2026-09-04
2026-07-02,17994,USD,JISDOR,Bank Indonesia,True,2026-09-04
2026-07-03,17960,USD,JISDOR,Bank Indonesia,True,2026-09-04
2026-07-06,17999,USD,JISDOR,Bank Indonesia,True,2026-09-04
2026-07-07,17988,USD,JISDOR,Bank Indonesia,True,2026-09-04
2026-07-08,18005,USD,JISDOR,Bank Indonesia,True,2026-09-04
2026-07-09,18090,USD,JISDOR,Bank Indonesia,True,2026-09-04
2026-07-10,18069,USD,JISDOR,Bank Indonesia,True,2026-09-04
2026-07-13,18131,USD,JISDOR,Bank Indonesia,True,2026-09-04
2026-07-14,18099,USD,JISDOR,Bank Indonesia,True,2026-09-04
2026-07-15,18064,USD,JISDOR,Bank Indonesia,True,2026-09-04
2026-07-16,18041,USD,JISDOR,Bank Indonesia,True,2026-09-04
2026-07-17,17944,USD,JISDOR,Bank Indonesia,True,2026-09-04
2026-07-20,17976,USD,JISDOR,Bank Indonesia,True,2026-09-04
2026-07-21,17909,USD,JISDOR,Bank Indonesia,True,2026-09-04
2026-07-22,17909,USD,JISDOR,Bank Indonesia,True,2026-09-04
2026-07-23,17915,USD,JISDOR,Bank Indonesia,True,2026-09-04
2026-07-24,17973,USD,JISDOR,Bank Indonesia,True,2026-09-04
2026-07-27,17995,USD,JISDOR,Bank Indonesia,True,2026-09-04
2026-07-28,18088,USD,JISDOR,Bank Indonesia,True,2026-09-04
2026-07-29,18087,USD,JISDOR,Bank Indonesia,True,2026-09-04
2026-07-30,18078,USD,JISDOR,Bank Indonesia,True,2026-09-04
2026-07-31,18058,USD,JISDOR,Bank Indonesia,True,2026-09-04
2026-08-03,17991,USD,JISDOR,Bank Indonesia,True,2026-09-04
2026-08-04,18037,USD,JISDOR,Bank Indonesia,True,2026-09-04
2026-08-05,17937,USD,JISDOR,Bank Indonesia,True,2026-09-04
2026-08-06,17919,USD,JISDOR,Bank Indonesia,True,2026-09-04
2026-08-07,17913,USD,JISDOR,Bank Indonesia,True,2026-09-04
2026-08-10,17795,USD,JISDOR,Bank Indonesia,True,2026-09-04
2026-08-11,17824,USD,JISDOR,Bank Indonesia,True,2026-09-04
2026-08-12,17876,USD,JISDOR,Bank Indonesia,True,2026-09-04
2026-08-13,17882,USD,JISDOR,Bank Indonesia,True,2026-09-04
2026-08-14,17836,USD,JISDOR,Bank Indonesia,True,2026-09-04
2026-08-18,17856,USD,JISDOR,Bank Indonesia,True,2026-09-04
2026-08-19,17844,USD,JISDOR,Bank Indonesia,True,2026-09-04
2026-08-20,17779,USD,JISDOR,Bank Indonesia,True,2026-09-04
2026-08-21,17705,USD,JISDOR,Bank Indonesia,True,2026-09-04
2026-08-24,17703,USD,JISDOR,Bank Indonesia,True,2026-09-04
2026-08-26,17717,USD,JISDOR,Bank Indonesia,True,2026-09-04
2026-08-27,17762,USD,JISDOR,Bank Indonesia,True,2026-09-04
2026-08-28,17703,USD,JISDOR,Bank Indonesia,True,2026-09-04
2026-08-31,17746,USD,JISDOR,Bank Indonesia,True,2026-09-04
2026-09-01,17727,USD,JISDOR,Bank Indonesia,True,2026-09-04
