category,articles_total,articles_geopolitics,tier
Politics,16923,5621,keyword
US: News,29689,4899,other
Europe News,8101,3929,other
Europe Politics,3500,3472,core
Asia News,7914,3297,other
Wars and Military Conflicts,3304,3283,core
World Politics,2834,2817,core
China Politics,2886,2694,core
World News,4787,2627,keyword
Markets,34212,2582,other
Business News,19011,2398,other
Europe Economy,4292,2182,other
Aerospace & Defense,2106,2015,core
White House,6399,1947,keyword
Defense,1920,1885,core
China Economy,3283,1831,other
Transportation,5146,1804,other
Asia Politics,1714,1702,core
Technology,15409,1656,other
Economy,11466,1577,other
Europe Markets,4599,1528,other
Asia Economy,4016,1421,other
China Markets,2244,1267,other
Trade,1979,1127,other
World Economy,2469,1115,other
Political Leaders,3168,1080,keyword
Travel,2279,1029,other
Finance,8435,955,other
Industrials,1603,929,other
Asia Markets,4801,920,other
Energy,4590,867,other
stocks,22314,803,other
Oil and Gas,2903,782,other
Policy,2810,720,keyword
Asia: Business,1896,700,other
Congress,4144,641,keyword
Europe: Top News And Analysis,691,588,keyword
Elections,3223,581,keyword
International: Top News And Analysis,582,578,core
US Economy,5979,558,other
Coronavirus,3408,521,other
Investing,36516,460,other
World Markets,3365,444,other
Oil,1645,425,other
International Homepage,535,411,keyword
Internet,4184,404,other
US Top News and Analysis,1375,376,other
AI - Artificial Intelligence,4307,343,other
Autos,3631,296,other
Airlines,959,284,other
Inflation,3082,278,other
Space,502,275,other
Climate,2510,270,other
U.S. Markets,8612,268,other
European Union,258,253,core
Law,2744,253,other
Climate Policy,1209,246,other
The China Connection,259,244,core
Central Banks,1742,230,other
Social Media,2004,214,other
Health & Science,3087,211,other
Mobile,3035,206,other
Catastrophe,394,205,other
Cybersecurity,910,201,other
Earnings,4540,197,other
Special Reports,5227,186,other
Asia: Squawk Box,499,184,other
Banks,2497,182,other
Semiconductors,1348,182,other
Squawk Box U.S.,1546,170,other
Emerging Markets,393,170,other
Crime,2292,169,other
Manufacturing,1654,168,other
Enterprise,2365,165,other
Law and Regulation,864,150,other
Labor Unions,663,150,other
Republicans,1438,148,other
Market Outlook,2620,148,other
Energy Commodities,612,142,other
United States Election 2024,1294,142,keyword
The Fed,3503,140,other
Retail,3832,137,other
Government Agencies,1020,135,keyword
Asia: Top News and Analysis,151,135,keyword
Terrorism,126,125,core
Shipping,321,123,other
European Central Bank,377,122,other
Nuclear Weapons,122,121,core
Access Middle East,124,121,core
Technology: Companies,774,116,other
Real Estate,1747,115,other
Regulations,483,115,other
Defense Contractors,130,114,core
Bank of England,258,112,other
Media,2237,112,other
Semiconductors and Semiconductor Equipment,751,111,other
CNBC UK Exchange,216,108,other
Guns and Weapons,303,106,other
Squawk Box Europe,309,104,other
Currencies,646,101,other
AI Effect,802,99,other
Interest Rates,2088,99,other
Europe Homepage,108,98,keyword
Transportation Infrastructure,588,96,other
Democrats,997,96,other
Israel News,96,95,core
Cryptocurrency,2179,93,other
Women and Wealth,141,86,other
Companies,1169,85,other
Crypto,2246,84,other
Latin America,165,84,keyword
US Homepage,308,83,other
Renewable Energy,722,83,other
Wall Street,3294,82,other
Agriculture,251,81,other
Russia Stories,78,77,core
Mergers,995,77,other
5 Things to Know,1224,76,other
Bonds,1179,75,other
Davos WEF,213,74,other
Futures & Commodities,1268,70,other
Street Signs Asia,312,70,other
Environment,824,69,other
Brexit,102,68,other
Biotech and Pharmaceuticals,2281,68,other
Nuclear Energy,163,67,other
Immigration,360,64,other
Ukraine Stories,65,64,core
Inside India,239,63,other
Software,804,63,other
e-commerce,2012,62,other
Supply Chain Management,185,62,other
Life,1956,62,other
Supreme Court (U.S.),626,62,other
Air Freight and Logistics,320,57,other
Weather and Natural Disasters,624,56,other
Latin America Markets,95,55,other
CNBC Sport,1287,55,other
Taxes,1692,54,other
Antitrust,284,53,other
Jobs,1401,52,other
Pharmaceuticals,1314,52,other
CNBC Digital Original Video,261,51,other
Lawsuits,736,51,other
Bitcoin,1632,51,other
Metals,367,50,other
Precious Metals and Minerals Mining,948,50,other
Entertainment,2348,49,other
Venture Capital,729,48,other
FinTech,1212,46,other
Coronavirus: Reopening the economy,241,45,other
Food and Beverage,871,45,other
IPOs,487,44,other
Tourism,553,44,other
Squawk on the Street,696,43,other
Biotechnology,1569,43,other
Europe Early Edition,66,43,keyword
Sustainable Future: Responsibility ,122,43,other
People's Bank of China,68,42,other
Human Rights,58,42,other
Semiconductor Equipment,143,41,other
EMEA,50,41,other
CEOs,549,41,other
Corporate Finance,325,40,other
The World of Defense in 2039,42,40,other
Clean Tech,634,40,other
Automobiles and Components,1178,40,other
Markets and Politics Digital Original Video,40,40,core
Latest Business News Wires - Business Headlines,128,39,other
International Sports,205,38,other
Middle East Money,37,37,core
Government Shutdown,245,37,other
PRO Home,867,36,other
CNBC News and Programming,183,36,other
Investing in Space,119,36,other
Wealth-old,1201,35,other
Business Travel,320,34,other
Religion,85,34,other
Commentary,530,34,other
Oil and Gas Storage,67,33,other
Capital Connection,62,33,other
Technology: Trends,370,32,other
Economic Development,430,32,other
Clean Energy,569,32,other
Credit Cards,545,32,other
Deals & IPOs,538,31,other
World: Energy,35,31,other
Oil Overview,80,30,other
Personal Finance,4636,30,other
Science,378,30,other
Housing,1139,30,other
EU FX,628,29,other
Asia-Pacific Homepage,82,29,keyword
Infrastructure,187,29,other
Luxury,379,29,other
Consumer Discretionary,304,29,other
Bank of Japan,209,28,other
Employment,809,28,other
Bankruptcy,171,27,other
Food Products,208,26,other
Acquisitions,476,26,other
Street Signs Europe,53,25,other
Oil and Gas Refining,53,24,other
Japanese Yen,932,24,other
Death Notices,242,24,other
Tech Trends,341,23,other
Gold,1291,23,other
Green,329,22,other
Telecom,143,22,other
Marine Ports and Services,155,22,other
Marine,74,21,other
Food Economics,147,21,other
Savings,2890,21,other
Opinion,163,21,other
Bank of Russia,25,21,other
Asia FX,686,20,other
UAE in Focus,28,20,other
CNBC Disruptor 50,468,20,other
Emerging Europe,36,19,other
Utilities,125,19,other
International Organizations,19,19,core
Metal Commodities,1092,19,other
Sustainable Future,81,19,other
Government Programs,412,19,other
Political Capital,19,19,core
Hardware,203,18,other
Consumer Confidence,293,18,other
AI Age,164,17,other
Breaking News,61,17,other
Drugs,188,17,other
Fast Money,206,17,other
Hotels and Leisure,389,17,other
Start-ups,356,17,other
Wealth,348,16,other
Information Technology,82,16,other
Fertilizers and Agricultural Chemicals,26,16,other
Japan Government Bonds,52,16,other
Coal and Consumable Fuels,53,16,other
Diversified Metals and Mining,53,16,other
Debt,1312,15,other
State of Freight,47,15,other
Soccer,126,15,other
Integrated Oil and Gas,41,15,other
CNBC Travel: Connect,171,15,other
Gaming,197,15,other
US Treasurys,1093,15,other
Latest News,37,14,other
Small Business,275,14,other
Consumer Staples,339,14,other
Mortgages,944,14,other
Leadership,371,14,other
Construction,132,14,other
Movies and Entertainment,753,14,other
Prediction Markets,97,14,other
Recession,224,14,other
Consumer Technology,197,14,other
The Road to COP26,28,14,other
Lobbyists,56,14,other
Insurance,244,14,other
Crime and Punishment,31,13,other
Supply and Demand,46,13,other
Innovation,299,13,other
Apparel,495,13,other
Advertising,297,13,other
Investment Strategy,3897,13,other
Campaign Finance,386,13,other
ETF Edge,379,12,other
Water,42,12,other
Expanding Opportunity,664,12,other
Sustainable Future: Investing,47,12,other
Funds and ETFs,613,12,other
GDP,132,12,other
Germany: Engine of Europe,19,12,other
Federal Budget (U.S.),79,12,other
Legislation,261,11,other
Tax Planning,1068,11,other
Cloud Computing,340,11,other
Sustainable Future: Technology,57,11,other
Commodities: Alternative Investing,72,11,other
Restaurants,392,10,other
Consumer Price Index,316,10,other
The Edge,79,10,other
Foreign Exchange,53,10,other
Bitcoin: Boom or Bust,23,10,other
 Millionaires and Billionaires,172,10,other
US Market,261,10,other
Swiss National Bank,31,10,other
Asia Stock Markets,36,10,other
Inside China,22,10,other
UK Government Bonds,31,10,other
Video Games,160,10,other
Natural Gas,61,10,other
Make It,10523,10,other
CNBC Property Play,108,10,other
Medicine,80,9,other
Gambling,183,9,other
Sustainable Energy,77,9,other
Gas Utilities,20,9,other
Consumer Finance,262,9,other
Futures,44,9,other
Publishing,63,9,other
Credit and Debt,33,9,other
Crypto World,188,9,other
Auto Components,51,9,other
Materials,94,9,other
Converge,28,9,other
Money Movers,82,9,other
Asia: Mobile,58,9,other
Music & Musicians,224,9,other
Business of Marijuana: The Business,16,9,other
Electronic Manufacturing Services,36,8,other
Privacy,56,8,other
CNBC Data Visualizations,131,8,other
Layoffs,216,8,other
Closing Bell,169,8,other
The Exchange,102,8,other
Golf News,82,8,other
CEO Interviews,240,8,other
Sustainable Future: Energy,35,8,other
2020 Elections,304,8,other
U.S. Business Day,1001,8,other
East Tech West,9,8,other
100 Days of Trump,19,8,other
Private Equity,163,8,other
Computer Hardware,125,8,other
Ethics,46,7,other
UK Votes,11,7,other
Crime Inc.,16,7,other
Financials,309,7,other
feed: Taxes,811,7,other
Stock Picks,5933,7,other
Russian Ruble,15,7,other
Sustainable Future: Regulation & Policy,56,7,other
Transportation Leisure,62,7,other
Food Retail,264,7,other
Market Insider,2783,7,other
Polls,86,7,other
High-Net-Worth Investing,190,7,other
Hotels Resorts and Cruise Lines,261,7,other
Household Products,120,7,other
Oil and Gas Exploration,47,7,other
Art and Culture,113,7,other
Internet Retail,145,7,other
Blockchain,96,7,other
Steel Producers,51,7,other
Trading Nation,194,7,other
Singapore Airshow,6,6,other
Trade Balance,17,6,other
Intellectual Property,50,6,other
Euro,817,6,other
Road and Rail,99,6,other
Wheat,13,6,other
Billionaires,68,6,other
Corporate Fraud,75,6,other
Corporate Debt,85,6,other
Education Services,134,6,other
Beyond the Valley ,11,6,other
Automotive Retail,144,6,other
U.S. Dollar,807,6,other
Cable and Satellite,18,6,other
Loans,226,6,other
Machinery,30,6,other
Mad Money,804,6,other
Treasurys,1013,6,other
Auto Parts and Equipment,50,6,other
Consumer Electronics,142,6,other
Consumer Goods,36,6,other
Commercial Banks,98,6,other
Code Wars,9,6,other
Fixed Income,357,6,other
Power Lunch,148,6,other
Philanthropy,97,6,other
College,507,6,other
Discounters,561,5,other
Unemployment,284,5,other
All-America Economic Survey ,42,5,other
Airport Services,49,5,other
View from the Gulf,7,5,other
U.S. Markets Overview,2826,5,other
Jim Cramer,7114,5,other
The News with Shepard Smith,41,5,other
Hospitals,139,5,other
Colleges & Universities,330,5,other
Institutional Investors,44,5,other
Insider Trading,28,5,other
Investment Banking and Brokerage,38,5,other
CNBC Travel,95,5,other
Marriages and Divorces,45,5,other
Asia-Pacific Markets Headlines,25,5,other
Investing In: South Korea,14,5,other
Investing in India,32,5,other
Olympics Annual,24,5,other
Health Insurance,440,5,other
Brent Crude,17,5,other
Business Competition,18,5,other
Real Estate Development,22,5,other
Corporate Bonds,91,5,other
Pre-Markets,37,5,other
Americas FX,642,5,other
Auto Racing,47,5,other
Debt Ceiling,106,5,other
BRICS,9,5,other
Trucking,60,5,other
Earthquakes,40,5,other
Soybeans,8,5,other
Trumponomics,16,5,other
"Beer, Wine & Spirits",114,5,other
Wires,14,4,other
AI Impact,78,4,other
Electric Utilities,46,4,other
Marijuana,43,4,other
Closing Bell - Overtime,117,4,other
The Hacking Economy,4,4,other
Economic Regions,7,4,other
Technology Executive Council,37,4,other
Tennis,46,4,other
Application Software,54,4,other
Eamon Javers,11,4,other
ETF Strategist,227,4,other
Shareholder Activism,34,4,other
Specialty Retail,71,4,other
Chemicals,63,4,other
Celebrities,46,4,other
Credit,208,4,other
Coronavirus: Prevention and treatment,79,4,other
Student Loans,964,4,other
Australian Dollar,681,4,other
Hedge Funds,385,4,other
Stock Buybacks,37,4,other
Credit Ratings,36,4,other
Floods,44,4,other
Europe: Profiles,5,4,other
Entrepreneurs,720,4,other
Retirement,1631,4,other
Foreclosures,549,4,other
Asia: Markets,17,3,other
ETF Street,164,3,other
Gold Overview,342,3,other
Policy updates/proposals,9,3,other
Durable Goods,11,3,other
Drug Retail,31,3,other
Poland Stories,3,3,other
Europe: Television,5,3,other
Industrial Machinery,15,3,other
Hungary Stories,3,3,other
CNBC Sports,38,3,other
The CNBC Conversation,6,3,other
Dividends,284,3,other
Insurance Brokers,14,3,other
ESG and Green Business,69,3,other
Economic Forecasting,12,3,other
Sustainable Returns,47,3,other
Digital Original,94,3,other
Agricultural Producers,26,3,other
Make It - Money,2903,3,other
Beverages,79,3,other
Gold Mining,26,3,other
Europe Markets Headlines,6,3,other
Fashion,56,3,other
Finding Solutions,8,3,other
Welfare,5,3,other
Food Distributors,57,3,other
Rise of the Robots,11,3,other
Silver,795,3,other
Fed Notes,8,3,other
Deficits,25,3,other
Leisure Products,13,2,other
CNBC Travel: Discover,113,2,other
Careers,737,2,other
Dubai Airshow,3,2,other
Your Money,221,2,other
Capital Markets,43,2,other
Economic Measures,6,2,other
Tax Credits,255,2,other
Bank of Canada,4,2,other
Make It - Work,1414,2,other
Make It - Life,2808,2,other
Animals and Wildlife,25,2,other
Inside Wealth: Taxes,5,2,other
Make It - Get Ahead,148,2,other
Livestock,19,2,other
Home Furnishings,22,2,other
National Hockey League,34,2,other
National Basketball Association,132,2,other
National Football League,211,2,other
CNBC Global CFO Council,104,2,other
NASA: The Next Generation,3,2,other
Swiss Franc,96,2,other
Municipal Bonds,90,2,other
Dalian - World Economic Forum,3,2,other
Bailouts,4,2,other
Crypto Watch,6,2,other
Crypto Decoded,33,2,other
Household Appliances,7,2,other
CNBC Investigations,35,2,other
Marketing,45,2,other
Human Resources and Employment Services,209,2,other
Tax Deductions,241,2,other
Make It - Success,2036,2,other
Managing Asia,8,2,other
Managing China,8,2,other
Mobile World Congress,7,2,other
Electronic Components,12,2,other
Tobacco,44,2,other
Top States For Business ,361,2,other
Inside Wealth: Investing,4,2,other
Apparel Accessories and Luxury Goods,35,2,other
Make It - Young Success,70,2,other
Industrial Espionage,4,2,other
Asia: Profiles,12,2,other
Paris Air Show,2,2,other
Construction Materials,19,2,other
Health Care IT,41,2,other
Global Economy: CNBC Explains,3,2,core
Health Care Supplies,62,2,other
Corn,5,2,other
Copyrights,8,2,other
Regional Banks,77,2,other
Research and Consulting Services,5,2,other
Public Relations,3,2,other
Crude Realities,5,2,other
Highlights,3,2,other
Sports Owners & Leagues,134,2,other
Halftime Report,320,2,other
Construction and Farm Machinery,12,2,other
Personal Finance: CNBC Explains,7,2,other
Personal Income,529,2,other
CERAWeek,4,2,other
Pharmas Market,45,2,other
PRO: China Investing,5,2,other
Reserve Bank of Australia,36,2,other
Race for the White House,17,2,other
Railroads,61,2,other
Business Events,5,2,other
Securities,36,2,other
Financial Reform,5,2,other
Budget Crisis,4,2,other
Rice,10,2,other
Investing in: Israel,2,2,other
Corporate Leaders,83,2,other
Broadcasting,114,2,other
Central Banking CNBC Explains,12,2,other
U.S. Video,4,2,other
Earnings Announcements,29,2,other
Earnings Forecast,23,2,other
Access: Middle East,1,1,other
Wildfires,42,1,other
Adaptation,84,1,other
Video: All,2,1,other
Earnings Rundown,7,1,other
Video,1,1,other
Urban Innovation,5,1,other
US: Trading,9,1,other
U.S. Market Indexes,1,1,other
Certificate of Deposit,96,1,other
Casinos and Gaming,110,1,other
Cigarette Wars,1,1,other
Chinese Yuan,197,1,other
China's Corporate Spy War,2,1,other
China News Section Parent,2,1,other
Iraq War,1,1,other
Investor Toolkit,12,1,other
Investment Fraud,84,1,other
Investing in Brazil 2011,2,1,other
Water Utilities,13,1,other
Accounting,10,1,other
Corrections,1,1,other
Credit Market,7,1,other
Romania Stories,1,1,other
British Pound,707,1,other
Bribery,8,1,other
Boxing,8,1,other
Retirement Redefined,25,1,other
Residential REITs,7,1,other
Business Expansion,5,1,other
Fueling Change,4,1,other
Copper,16,1,other
Consumer Services,15,1,other
Footwear,48,1,other
Food and Staples Retailing,16,1,other
Building Products,6,1,other
Pro: The Family Office Investor,3,1,other
Going Global,2,1,other
Financial Audit,1,1,other
Financial Advisors,1271,1,other
Financial Advisor Council,525,1,other
Fall of Lehman Brothers,1,1,other
FA Playbook,37,1,other
Slovakia Stories,1,1,other
Books,39,1,other
Securing Our Future,2,1,other
Sales,10,1,other
Global Youth Employment Agenda,1,1,other
Global Opportunities: Japan,11,1,other
Health Tips and Wellness Advice,101,1,other
Coronavirus: Diagnosis,54,1,other
Real Estate Services,11,1,other
Pro: Earnings Playbook,38,1,other
REITs,47,1,other
Prospect China,1,1,other
Pro View,33,1,other
Executive Decisions with Steve Sedgwick,8,1,other
Crime Inc.: Human Trafficking,3,1,other
Executive Compensation,28,1,other
Evolve,15,1,other
European Debt Crisis,1,1,other
Sports Media,209,1,other
Sports Apparel & Partnerships,64,1,other
Soybean Oil,2,1,other
Social Security,454,1,other
Big Tech's New Rules,5,1,other
Big Data,8,1,other
Beyond the Valley: Episode transcripts,3,1,other
Home Business,16,1,other
Private Equity and Hedge Funds,69,1,other
Price Fixing,2,1,other
CES,2,1,other
CERAWeek 2012 - US Business News ,1,1,other
Business of the Beijing Olympics,2,1,other
Business Turkey,2,1,other
Construction and Engineering,11,1,other
Computers and Peripherals,6,1,other
Computer and Electronics Retail,11,1,other
Health Care Services,81,1,other
Health Care Providers and Services,23,1,other
Health Care Equipment and Supplies,5,1,other
Health Care Equipment,18,1,other
Health Care Distributors,12,1,other
Political Action Committees,4,1,other
Personalized Medicine,4,1,other
Strategic Alliances,1,1,other
Europe needs swagger,2,1,other
Europe Tonight,1,1,other
Farnborough Airshow ,2,1,other
Family Offices,38,1,other
Estate Tax,23,1,other
Better Energy - Storage,1,1,other
Better Energy - Sharing,1,1,other
Stagflation,9,1,other
Squawk Recovery Watch,2,1,other
Norwegian Krone,6,1,other
Homefurnishing Retail,26,1,other
Home Improvement Retail,46,1,other
CNBC Documentaries,4,1,other
New Zealand Dollar;NZD=X,588,1,other
NYSE,6,1,other
Office REITs,4,1,other
Mutual Funds,118,1,other
Bank Accounts,62,1,other
Cyber Report,19,1,other
Currency Futures,6,1,other
Energy Future,2,1,other
Auto Loans,183,1,other
Australia and New Zealand: Television,1,1,other
Subprime Lending,4,1,other
Industrial Revolutions,1,1,other
Commodity ETFs,10,1,other
Commodity Chemicals,2,1,other
Morning Call,41,1,other
Money in Motion,4,1,other
Nonfarm Payrolls,70,1,other
Medicare,221,1,other
CNBC Investing Club Charitable Trust,6856,1,other
Markets Overview,1,1,other
Money Market,53,1,other
Millennial Money,100,1,other
Mexican Peso,20,1,other
Mergers and Acquisitions: CNBC Explains,8,1,other
Managed Health Care,51,1,other
Man Vs Machine,1,1,other
College Planning,327,1,other
IRA,283,1,other
ICE,4,1,other
Hurricanes,78,1,other
Make It - The Hustle,57,1,other
Inside Wealth,12,1,other
Technology Distributors,3,1,other
Employee Benefits,233,1,other
Electrical Equipment,6,1,other
Education and You,42,1,other
Economic Reports,10,1,other
At Work,118,1,other
Asset Management and Custody Banks,29,1,other
Asia: Television,5,1,other
Australia Government Bonds,7,1,other
Tech Guide,239,1,other
Tech Digital Original Video,11,1,other
Economic Organizations,3,1,other
Ebola,1,1,other
Delivering Alpha,45,1,other
Deflation,9,1,other
Asia: CNBC Sports,3,1,other
Telecommuting,26,1,other
Inside E-commerce,5,1,other
CNBC Pro,238,1,other
Make It - Earn,100,1,other
Make It - Real Estate,112,1,other
Make It - Land the Job,60,1,other
London Stock Exchange,8,1,other
Live Cattle,7,1,other
Along the Belt and Road,1,1,other
Analyst Interviews,6,1,other
American Greed,11,1,other
America: 250 Years Bold,2,1,other
Top Videos,2,1,other
Tokyo Stock Exchange,1,1,other
Asia Tomorrow,1,1,other
The Weird Economy,7,1,other
Make It - Closing The Gap,120,1,other
Cocoa,12,1,other
Inside Wealth: Politics,2,1,other
Make It - Become Debt-Free,8,1,other
Major League Baseball,74,1,other
CNBC Travel: Experience,106,1,other
Joint Ventures,3,1,other
Canadian Dollar,49,1,other
CNBC'c 2018 Midterm election coverage,1,1,other
Acorns: ESG investing,1,1,other
Worldwide Exchange,152,1,other
AI Events,1,1,other
Work from home,26,1,other
AI Insights,19,0,other
Videos,6,0,other
Early Career Opportunities,18,0,other
ETF Strategist - Emerging Markets,2,0,other
ETF Spotlight,10,0,other
A View from the Top ,1,0,other
401(k),383,0,other
3-D Printing,1,0,other
2026 Berkshire Hathaway Annual Meeting,1,0,other
2025 Changemakers,1,0,other
2024 Election Videos,6,0,other
2024 Disruptor 50 VC Advisory Board,4,0,other
Unlocked,1,0,other
Ultimate Retirement Guide,3,0,other
Ultimate Factories,1,0,other
White Collar Convicts,1,0,other
Wheat Futures,1,0,other
Investing Club Mailbag,5,0,other
Investing Club Jim's Columns,26,0,other
Investing Club Education Series When to sell a stock,1,0,other
Investing Club Education Series Analyze Earnings,3,0,other
Invest in You: Ready Set Grow,113,0,other
Invest in America Forum Events,1,0,other
Internet and Catalog Retail,2,0,other
Your Job Your Life,3,0,other
"Your Health, Your Money",14,0,other
Young Money,36,0,other
Year-end Planning,5,0,other
Yahoo! Co-Productions,1,0,other
YPO Global Leadership Summit,1,0,other
Xfinity Money,9,0,other
Worldwide Exchange: Trade Links,2,0,other
9/11 Ten Years,1,0,other
Careers and Employment,4,0,other
Career Success,24,0,other
Carbon Challenge ,2,0,other
Jackson Hole,1,0,other
J.P. Morgan Health Care Conference,7,0,other
Charts,4,0,other
Changing the Narrative,1,0,other
Changemakers Advisory Board,11,0,other
Catalog Retail,1,0,other
Cities of Success,4,0,other
International Shows ,1,0,other
Interest Rate Futures,17,0,other
Italy Government Bonds,4,0,other
Investment Strategies,89,0,other
Investing Study,4,0,other
Last Call,22,0,other
Love and Money,59,0,other
Long-term Investing,1,0,other
Long-Term Care,25,0,other
Keynesian Economics,5,0,other
Kayla Tausche,1,0,other
Just 100,6,0,other
Junk Bonds,21,0,other
Josh Brown’s Best Stocks in the Market,142,0,other
Josh Brown,13,0,other
Jobless Claims,65,0,other
Jay Lenos Garage,3,0,other
Cable,119,0,other
COP28,4,0,other
CNBC en Espanol,7,0,other
CNBC Work Events,4,0,other
Cash Flow,18,0,other
Make It - Careers,95,0,other
Make It - Behind the Desk,1,0,other
Make It - Be the Boss,13,0,other
Make It - Adulting,1,0,other
Make It - Ace Your Job Interview,4,0,other
Make It - AI at Work,5,0,other
CNBC Travel: Taste,22,0,other
Life Sciences,58,0,other
Life Changes,24,0,other
Leisure Facilities,10,0,other
Leisure Equipment and Products,2,0,other
Leadership Insights,22,0,other
Leaders Playbook,10,0,other
Mad Money Moments,2,0,other
Mad Money Live TV Schedule Image Section,7,0,other
Lumber,1,0,other
Make It - How I Made It,15,0,other
Live Ambitiously ,5,0,other
Life events,1,0,other
Make It - Ditching the Corporate Life,6,0,other
Inside Wealth: Spending,25,0,other
Investing In,41,0,other
Investing Education and Resources Hub ,2,0,other
Investing Edge,1,0,other
Investing Club: Morning Meeting,1069,0,other
Investing Club: Education,81,0,other
Investing Club: Annual Meeting,3,0,other
Coffee,11,0,other
Inside Wealth: Philanthropy,10,0,other
Inside Wealth OLD,2,0,other
Inside Wealth Newsletter,1,0,other
Make It - Champions Corner ,7,0,other
Make It - Raising Successful Kids,20,0,other
Make It - Psychology and Relationships,128,0,other
Make It - Power Players,76,0,other
Make It - Pop Culture,139,0,other
Make It - Paycheck to Paycheck,10,0,other
Major Indexes,2,0,other
Mad Money: Full Show,3,0,other
Mad Money Video,3,0,other
Mad Money Parent,2,0,other
Make It - Make It and Save,8,0,other
Make It - Life with A.I.,1,0,other
Make It - Leadership,50,0,other
Make It - Invest in You,1,0,other
Make It - Inspire,1,0,other
Make It - Incredible Feats,1,0,other
Make It - How to Win in Business,1,0,other
Make It Book Club,4,0,other
Make It Black,48,0,other
Make It At Work,37,0,other
Make It -Six-Figure Side Hustle,6,0,other
Make It - Work It Out,3,0,other
Make It - Video,3,0,other
Make It - Unlocked,9,0,other
Make It - Founder Effect,3,0,other
"Make It - Food, Travel and Tech",170,0,other
Make It - Entrepreneurs ,45,0,other
Make It - Strange Success,1,0,other
Make It - Start-ups,63,0,other
Make It - Spend,73,0,other
Make It - Side Hustles,53,0,other
Make It - Science of Success,46,0,other
Make It - Save and Invest,108,0,other
Independents,1,0,other
Impact Investing,13,0,other
CNBC Sport Video,2,0,other
CNBC Select Supplemental Terms of Service,1,0,other
CNBC Pro Dont Miss,1,0,other
CNBC Premium,1,0,other
CNBC Millionaire Survey,9,0,other
CNBC Meets: Stories,3,0,other
CNBC Meets: Defining Values,2,0,other
Make It - Originals,3,0,other
Make It - On The Job,5,0,other
Make It - My First Million,8,0,other
Make It - Money Talks,1,0,other
Make It Guide,14,0,other
Make It Fired Up ,25,0,other
Make It Digital Original Video,1,0,other
Make It In Depth,1,0,other
Make It - The Next Dream,4,0,other
Make It - The Great Divide,1,0,other
CNBC Tech Check,1,0,other
CNBC TV,3,0,other
CNBC Stock Draft,7,0,other
Inside Track: The Business of Formula 1,9,0,other
Inside American Airlines,2,0,other
Inside Alts,2,0,other
Innovation Cities,1,0,other
Inheritance,14,0,other
Clean Start,1,0,other
Industrial Conglomerates,14,0,other
Indexes,7,0,other
Index Futures,1,0,other
Index ETFs,9,0,other
College Game Plan ,208,0,other
College Football,19,0,other
College Debt Crisis,9,0,other
College Basketball,27,0,other
Collateralized Debt Obligations,2,0,other
IT Consulting,1,0,other
ISM Index,3,0,other
IOT: Powering the digital economy,1,0,other
Make it - The Moment,2,0,other
Make it - Speed Read,5,0,other
Make it - Level Up,49,0,other
Make It: Your Money,9,0,other
Make It: Next Gen Investing,13,0,other
Make It: Middle-Aged Millennials,1,0,other
Make It Right,2,0,other
Make It New Grads,16,0,other
CNBC Investing Club,7004,0,other
CNBC Global Financial Wellness Advisory Board,33,0,other
Medical Insurance Fraud: Crime Inc.,1,0,other
Medicaid,49,0,other
Marketing.Media.Money,1,0,other
Mark Haines,1,0,other
Marijuana USA,3,0,other
Modern Medicine ,2,0,other
Millennials,184,0,other
Milken Institute Global Conference,1,0,other
Mike Santoli Insight,5,0,other
CNBC Meets,3,0,other
Making Of The Meme King,5,0,other
Ice Storms,7,0,other
College Voices  Invest in You,41,0,other
College Sports,35,0,other
Morning Thoughts,1,0,other
MonthlyMeeting,81,0,other
Money Supply,2,0,other
No Retreat: Business Bootcamp,1,0,other
Nikkei,3,0,other
CNBC Make It Global Header,22,0,other
CNBC Live from Milken Global Conference,1,0,other
CNBC Leadership Team,2,0,other
CNBC Investing Club: Video,72,0,other
CNBC Investing Club: Newsletter,6538,0,other
CNBC Investing Club: Homestretch,12,0,other
CNBC Investing Club: Cramer’s Morning Thoughts,120,0,other
CNBC Investing Club: Cramer Trade Alert,181,0,other
CNBC Investing Club: Analysis,2693,0,other
CNBC Investing Club Bullpen,65,0,other
CNBC Investing Club About,2,0,other
Oil and Gas Drilling,8,0,other
Office Services and Supplies,1,0,other
NASDAQ 100,7,0,other
Multiline Retail,5,0,other
Motorcycles,4,0,other
How to Talk to People ,24,0,other
How to Spot a Fake,1,0,other
How Covid Defined 2020,1,0,other
Housing Starts,11,0,other
Industrial REITs,4,0,other
Industrial Gases,21,0,other
Commercial and Professional Services,1,0,other
Housewares and Specialties,1,0,other
Household Durables,1,0,other
House of Cards,3,0,other
Mortgage REITs,1,0,other
CNBC Explains: Economy,1,0,other
CNBC Explains: Crime and Law,1,0,other
CNBC Explains,1,0,other
CNBC Elite Advisors,2,0,other
CNBC EVENTS,2,0,other
CNBC ESG Network,1,0,other
CNBC Cures Advisory Board,2,0,other
CNBC Cures,12,0,other
News Videos,5,0,other
Net Worth,1,0,other
Net Net Newsletter,2,0,other
Natural Gas 2012,2,0,other
Nasdaq Composite,3,0,other
Nasdaq,9,0,other
Nail the Number: Squawk on the Street,10,0,other
Oil and Gas Equipment,2,0,other
OTC,4,0,other
O - P,1,0,other
Nonprofit Organization,16,0,other
CNBC Fed Survey,81,0,other
Horse Racing,19,0,other
Hong Kong vs Singapore,3,0,other
Hong Kong Stock Exchange,30,0,other
Hong Kong Dollar,4,0,other
Home Ownership,21,0,other
IT Services,7,0,other
Help Wanted - AKA Where The Jobs Are,1,0,other
Heating Oil,4,0,other
Heard in Davos,1,0,other
Healthy Returns Events,2,0,other
Healthy Returns,7,0,other
Healthcare 2011,9,0,other
CNBC Changemakers with Julia Boorstin,6,0,other
CNBC Changemakers,94,0,other
CNBC 360,1,0,other
Packaged Food and Meats,25,0,other
PRO: Power Check,7,0,other
PRO: Playbooks,5,0,other
PRO: Invest like Buffett,2,0,other
PRO Picks,32,0,other
PPI,54,0,other
Other Diversified Financial Services,1,0,other
Original Productions,1,0,other
Options Action,1,0,other
Options,1309,0,other
Personal Products,4,0,other
Occupy Wall Street,1,0,other
Obamacare,18,0,other
Business Strategy,1,0,other
Personal Finance: Education,84,0,other
Personal Finance parent,1,0,other
Personal Finance Video Social Security,2,0,other
Pensions,41,0,other
Patents,8,0,other
Health and Health Care,22,0,other
Computer Storage and Peripherals,2,0,other
Communism,2,0,other
Communications Equipment,6,0,other
Halloween,2,0,other
Partnership,5,0,other
Paper Packaging,1,0,other
Palladium,755,0,other
Portfolio Perspective,3,0,other
Politics Section,2,0,other
Power Rundown,1,0,other
Power Insider,2,0,other
Pro: Deep Dives,21,0,other
Pro: Deep Dive,5,0,other
Pro: Crypto Investing,16,0,other
Pro: Complimentary Access,14,0,other
Pro: Chart Investing Pro,1,0,other
Podcasts,1,0,other
Platinum,758,0,other
Planning stages,9,0,other
Photographic Products,2,0,other
CEO Council Summit,2,0,other
Buyins and Buyouts,5,0,other
Business of Marijuana: The Law,4,0,other
Business of Marijuana: The Consumer,3,0,other
Business of Marijuana: Commentary,1,0,other
Pro Uncut,320,0,other
Pro Talks,113,0,other
Pro Business Day Episodes,1,0,other
Pro Analysis and Pro Uncut ,50,0,other
Pro: Options Picks,3,0,other
Pro: Options Investing Pro,5,0,other
Pro: Market forecasts,21,0,other
Pro: Market Movers,1,0,other
Pro: Macro Insights for Investing,916,0,other
Business Sectors,1,0,other
Pro Alerts,8,0,other
Primetime Shows 2,1,0,other
Prime: Money Court,28,0,other
Preferred Stock,19,0,other
Predictions,6,0,other
Powering the Future,1,0,other
Pro: CNBC TV Picks,22,0,other
Pro: Analyst Calls,1271,0,other
Pro: Analysis,153,0,other
Pro: Alternative Investments,12,0,other
Pro Video,1,0,other
Guide to Buying Your First Home,2,0,other
Home Entertainment Software,2,0,other
Holiday Gift Guides,1,0,other
Holiday Central 2010,1,0,other
Holiday Central,112,0,other
Highways and Railtracks,2,0,other
Consumer Durables and Apparel,5,0,other
Consumer & Retail Digital Original Video,116,0,other
Consumed,1,0,other
Grow: Investing,1,0,other
Gold 2011,1,0,other
Republican Presidential Debate,1,0,other
Remembering Steve Jobs,1,0,other
Reinsurance,1,0,other
Pro: Investing trends,1947,0,other
Pro: Investing Picks,8,0,other
Pro: Investing Insight,9,0,other
Pro: Invest Like The Pros,2,0,other
Pro: Income Picks,4,0,other
Pro: Income Investing,14,0,other
Pro: How to Invest,21,0,other
Pro: Goldman Sachs Stock Picks,2,0,other
Pro: Future of Energy,80,0,other
Pro: ETF Picks,11,0,other
Public-Private Investment Fund,8,0,other
Protecting Your Portfolio,2,0,other
Pro: Chart Analysis,1,0,other
Property and Casualty Insurance,19,0,other
Profit Warnings,1,0,other
Professional Services,2,0,other
Product Recalls,57,0,other
Pro: What the Pros are Saying,14,0,other
Pro: Stock Screener,27,0,other
Global Opportunities: Sri Lanka,1,0,other
Global Opportunities: Hong Kong,2,0,other
Health Tech Matters,7,0,other
Coronavirus: Businesses Impact and Company Responses,5,0,other
Germany Government Bonds,15,0,other
General Merchandise Stores,3,0,other
Gender Agenda,24,0,other
Pro: Stock Picks,1723,0,other
Pro: Pro Profile,1,0,other
Pro: Pro Columnists,1,0,other
Game Plan,12,0,other
Future of Work,12,0,other
Full Episodes,1,0,other
"From ""Cannabis Inc.""",5,0,other
Contracts,5,0,other
Containers and Packaging,5,0,other
France Government Bonds,4,0,other
Forest Products,2,0,other
Food Stamps,32,0,other
Business Capital,1,0,other
Built for Billions,2,0,other
Buffett and Gates: Keeping America Great,1,0,other
Buffett Watch,29,0,other
Buffett Archive: 2023 Berkshire Hathaway Annual Meeting,1,0,other
Buffet A-Z,3,0,other
Budgeting & Saving,46,0,other
Roth IRA,239,0,other
Brewers,3,0,other
Brazilian Real,2,0,other
Brazil Government Bonds,1,0,other
Return on Retirement,17,0,other
Retirement planning: Your Money,31,0,other
Retirement at Risk,1,0,other
Retire Well,11,0,other
Retail Sales,31,0,other
Retail Report,1,0,other
Retail REITs,9,0,other
Restructurings,2,0,other
Sectornomics Tech,1,0,other
Radio,21,0,other
Business Practices,1,0,other
Business Failures,3,0,other
Sectornomics Industrials,1,0,other
Sectornomics Health Care,2,0,other
Sector Watch,8,0,other
Sector ETFs,2,0,other
Santelli Exchange,1,0,other
S&P 500,1005,0,other
Fixed Income Strategies,15,0,other
First Class - 2023,6,0,other
Cotton,2,0,other
Corporate Restructuring,6,0,other
Corporate Assets,5,0,other
Credit Downgrades,2,0,other
Credit Derivatives,3,0,other
Country ETFs,3,0,other
Financial Statements,9,0,other
S - T,1,0,other
Small Business Playbook Events,2,0,other
Small Business Playbook,1,0,other
Small Business Administration,76,0,other
Spending & Credit: Your Money,56,0,other
Specialty Stores,1,0,other
Boom Bust and Blame,1,0,other
Bonuses,2,0,other
Bonds Headlines,1,0,other
Bond ETFs,31,0,other
Singapore Dollar,12,0,other
Shark Tank,24,0,other
Select: Personal Finance,1,0,other
Select: Cybersecurity,2,0,other
Select: Banking,4,0,other
Select,20,0,other
Securitization,1,0,other
Smart Tax Planning,30,0,other
Small Business: Tools,14,0,other
Small Business: Management,101,0,other
Small Business: Franchising,5,0,other
Small Business: Financing,27,0,other
Financial Advisor Events,6,0,other
Financial Advisor 100 - 2024 List,99,0,other
Financial Advisor 100,464,0,other
Fast Money:  Fast Money Portfolio,8,0,other
Family Business Private Wealth,3,0,other
Faber Report,3,0,other
FTSE,2,0,other
FIFA World Cup,1,0,other
ExxonMobil at the Crossroads tonight,2,0,other
Small Business: Council,2,0,other
Small Business Survey,2,0,other
Sports Biz with Darren Rovell,16,0,other
Super Bowl,21,0,other
Sugar,5,0,other
Succession at Apple,1,0,other
Specialty Chemicals,10,0,other
Specialized REITs,1,0,other
Special Report: Ecosperity Week,1,0,other
Sohn Conference,2,0,other
Software and Computer Services,18,0,other
Soft Drinks,3,0,other
Socialism,2,0,other
Black History Month,13,0,other
Billionaire Next Door: Restoring Trust,1,0,other
Big Shot: The Ozempic Revolution,2,0,other
Snowstorms,10,0,other
Smarter Courses,3,0,other
Berkshire Hathaway Annual Meeting,45,0,other
Beige Book,2,0,other
Better Energy - Renewables,2,0,other
Squawk C-Suite,1,0,other
Squawk Box Live,32,0,other
Existing Home Sales,11,0,other
Executive Edge,12,0,other
Crowdfunding,2,0,other
Crisis On Wall Street,2,0,other
Credit Upgrades,2,0,other
Credit Scores,4,0,other
Executive Careers Blog,3,0,other
Exchanges,11,0,other
Events: Leadership Exchange,1,0,other
Squawk Alley,2,0,other
Sports Valuations,28,0,other
Stormy Weather 2011,3,0,other
Store Openings,1,0,other
Store Closings,1,0,other
Stock Options,7,0,other
Fannie Mae & Freddie Mac,10,0,other
Estate Planning,75,0,other
Equity and Opportunity Forum,17,0,other
Environmental and Facilities Services,8,0,other
Enterprise/Security Disruptors 2013,1,0,other
Daily Open,1,0,other
Stock Market Research and Insights Hub,2,0,other
Stock Lists,6,0,other
Better Energy - Carbon,5,0,other
Best Jobs Ever,3,0,other
Best Buy: The Big Box Fights Back,1,0,other
Bernie Madoff: His Life and Crimes,2,0,other
Bank Crisis Strikes Europe,1,0,other
Swedish Krona,5,0,other
Sustainable Returns Events,4,0,other
DOW 30,6,0,other
DO NOT USE Consumer,3,0,other
Customer Service,2,0,other
Currency ETFs,4,0,other
Currency Contest,2,0,other
Deals That Matter,8,0,other
David Faber,9,0,other
Data Economy,2,0,other
Endorsements,2,0,other
Sustainable Future Forum,31,0,other
Back From the Brink: 10 Years On,2,0,other
Baby Boomers,205,0,other
Australia This Week,5,0,other
TechCheck,51,0,other
Aspen Ideas Festival Videos,1,0,other
Aspen Ideas Festival,13,0,other
Ask an Advisor,16,0,other
Athletes,33,0,other
Tech Transformers,1,0,other
Tech Holiday Gift Guide,1,0,other
Tech Edge ,7,0,other
Tech Drivers,9,0,other
"Taxes, Investments & You",4,0,other
Tax/impuestos: CNBC en Español,11,0,other
Tax Day,5,0,other
Taste and Trends,9,0,other
Takeover Bids,8,0,other
Systems Software,27,0,other
Bank of New Zealand,7,0,other
Textiles,4,0,other
Television Show,1,0,other
Technology: Video,4,0,other
Technology: CNBC Explains,1,0,other
Empowered Investor,10,0,other
Emmy Awards,1,0,other
Electronic Equipment and Instruments,3,0,other
Electronic Equipment Instruments and Components,2,0,other
Electrical Components and Equipment,6,0,other
Ethanol,2,0,other
Delivering Alpha 2023 Speakers,1,0,other
Election Playbook,1,0,other
Education & You 2012,1,0,other
Economic Theory,5,0,other
Technical Indicators,9,0,other
TechCheck Takes,12,0,other
The Job Interview,3,0,other
The Green Advantage 2012,1,0,other
The Future of Manufacturing,5,0,other
Trader Talk,372,0,other
Trademarks,3,0,other
Asia: Press Releases,21,0,other
The Fintech Effect,4,0,other
The Facebook IPO,2,0,other
The Diamond Rush,4,0,other
The Costco Craze: Inside the Warehouse Giant,1,0,other
The Coffee Addiction,1,0,other
The Blockchain Revolution,3,0,other
The Art of Appreciation INTL,1,0,other
The 2012 Greek Elections,1,0,other
Thai Baht,2,0,other
Textiles Apparel and Luxury Goods,21,0,other
The Swift Effect,1,0,other
The Sharing Economy,4,0,other
The Profit: An Inside Look,2,0,other
The Profit in Cuba,1,0,other
The Pet Economy,1,0,other
Delivering Alpha 2019,4,0,other
Definitive Guide to Student Loans,2,0,other
ETF Exchange,4,0,other
EMEA: Press Releases,4,0,other
Diversified Consumer Services,1,0,other
Diversified Chemicals,2,0,other
Diversified Banks,5,0,other
Ditching the Degree,10,0,other
The Path with Becky Quick,1,0,other
The Path Forward,2,0,other
The New Road to Retirement,31,0,other
Analysts,2,0,other
American Originals: Kentucky Derby,2,0,other
American Greed: The Fugitives,1,0,other
Aluminum Producers,3,0,other
Alternative Investing: Wine,1,0,other
Alternative Investing: Vehicles,4,0,other
Toys And The Web,8,0,other
Tornadoes,14,0,other
Top States Past Year Rankings,12,0,other
Tires and Rubber,1,0,other
Tips/Advice,7,0,other
Tips and Advice,1,0,other
Arbitrage,1,0,other
Annuities,38,0,other
Annual Meeting,2,0,other
The Tech Download,3,0,other
Trading Nation Commentary,1,0,other
Trading Matters,1,0,other
Disruptor 50 Industries: EDUCATION 2013,4,0,other
Disruptor 50 Academic Advisory Board,4,0,other
Disaster in Japan,2,0,other
Diana Olick,2,0,other
Derivatives,8,0,other
Depression,3,0,other
Department Stores,88,0,other
Delivering Alpha Events,1,0,other
Dow Jones Industrial Average,8,0,other
Documentary: Generation Gamble,1,0,other
Divestments,6,0,other
Diversified Telecommunication Services,1,0,other
Diversified Financials,3,0,other
Diversified Financial Services,29,0,other
What Happened: Explore the Timeline,1,0,other
Alternative Investing: Niches,1,0,other
Alternative Investing: Memorabilia,1,0,other
Alternative Investing: Jewelry and Clothing,7,0,other
Alternative Investing: Fine Art,20,0,other
"Alternative Investing: Coins, Stamps & Books",1,0,other
Alternative Investing,80,0,other
US: Bonds Overview,9,0,other
US Top News and Analysis TEST page,2,0,other
Alexa: Closing Bell,1,0,other
Advisor Insight,12,0,other
Advice and the Advisor ,25,0,other
Tsunami,2,0,other
Trusts and Estates,13,0,other
Trump Accounts,9,0,other
Trading Tips,1,0,other
Workforce Wire,16,0,other
529 Plans,71,0,other
 Make It - The Covid Economy,2,0,other
quotes,1,0,other
iPhone Redux,1,0,other
Your Money Events,1,0,other
World Features,1,0,other
Acorns: Earning,1,0,other
Acorns: Cryptocurrency,4,0,other
Access Africa,3,0,other
Access ASEAN,1,0,other
AIDS,4,0,other
Adult Entertainment,2,0,other
Activist Spotlight,6,0,other
Active Passive,5,0,other
Volcanic Eruptions,3,0,other
Weekend Brief,462,0,other
Wealth in Asia,1,0,other
Wealth Managers Toolkit,1,0,other
Warren Buffett Archive,10,0,other
Warren Buffet: Investor. Teacher. Icon.,1,0,other
Activating  Wealth,1,0,other
2011 Berkshire Hathaway Annual Meeting,1,0,other
 Videos,2,0,other
 Disruptor Index,1,0,other
Drug Price Crisis,1,0,other
Droughts,4,0,other
Dow Transports,8,0,other
Women & Business 2011,1,0,other
Women and Wealth Events,1,0,other
Women who broke down barriers in business,1,0,other
Work/Life ,49,0,other
